Store,Date,Sales,Open,Promo,DayOfWeek,StoreType
1,2013-01-01,6802,1,0,1,a
1,2013-01-02,8196,1,1,2,a
1,2013-01-03,7748,1,1,3,a
1,2013-01-04,6611,1,0,4,a
1,2013-01-05,5243,1,0,5,a
1,2013-01-06,0,0,0,6,a
1,2013-01-07,8735,1,1,0,a
1,2013-01-08,6607,1,0,1,a
1,2013-01-09,8876,1,1,2,a
1,2013-01-10,7040,1,0,3,a
1,2013-01-11,8716,1,1,4,a
1,2013-01-12,5490,1,0,5,a
1,2013-01-13,0,0,1,6,a
1,2013-01-14,8622,1,1,0,a
1,2013-01-15,7128,1,0,1,a
1,2013-01-16,7033,1,0,2,a
1,2013-01-17,7558,1,0,3,a
1,2013-01-18,7279,1,0,4,a
1,2013-01-19,6220,1,1,5,a
1,2013-01-20,0,0,0,6,a
1,2013-01-21,8453,1,1,0,a
1,2013-01-22,7775,1,0,1,a
1,2013-01-23,9047,1,1,2,a
1,2013-01-24,9155,1,1,3,a
1,2013-01-25,8568,1,1,4,a
1,2013-01-26,5821,1,0,5,a
1,2013-01-27,0,0,1,6,a
1,2013-01-28,9544,1,1,0,a
1,2013-01-29,9691,1,1,1,a
1,2013-01-30,9595,1,1,2,a
1,2013-01-31,9105,1,1,3,a
1,2013-02-01,7793,1,0,4,a
1,2013-02-02,5583,1,0,5,a
1,2013-02-03,0,0,0,6,a
1,2013-02-04,9550,1,1,0,a
1,2013-02-05,9055,1,1,1,a
1,2013-02-06,7865,1,0,2,a
1,2013-02-07,7834,1,0,3,a
1,2013-02-08,9885,1,1,4,a
1,2013-02-09,5740,1,0,5,a
1,2013-02-10,0,0,0,6,a
1,2013-02-11,7746,1,0,0,a
1,2013-02-12,7778,1,0,1,a
1,2013-02-13,8423,1,0,2,a
1,2013-02-14,10032,1,1,3,a
1,2013-02-15,9735,1,1,4,a
1,2013-02-16,6720,1,1,5,a
1,2013-02-17,0,0,1,6,a
1,2013-02-18,10406,1,1,0,a
1,2013-02-19,8002,1,0,1,a
1,2013-02-20,8311,1,0,2,a
1,2013-02-21,10106,1,1,3,a
1,2013-02-22,8168,1,0,4,a
1,2013-02-23,6600,1,1,5,a
1,2013-02-24,0,0,0,6,a
1,2013-02-25,8694,1,0,0,a
1,2013-02-26,10016,1,1,1,a
1,2013-02-27,8215,1,0,2,a
1,2013-02-28,8301,1,0,3,a
1,2013-03-01,8352,1,0,4,a
1,2013-03-02,7204,1,1,5,a
1,2013-03-03,0,0,0,6,a
1,2013-03-04,8884,1,0,0,a
1,2013-03-05,10207,1,1,1,a
1,2013-03-06,8166,1,0,2,a
1,2013-03-07,10286,1,1,3,a
1,2013-03-08,9975,1,1,4,a
1,2013-03-09,5935,1,0,5,a
1,2013-03-10,0,0,1,6,a
1,2013-03-11,8586,1,0,0,a
1,2013-03-12,8852,1,0,1,a
1,2013-03-13,10143,1,1,2,a
1,2013-03-14,10341,1,1,3,a
1,2013-03-15,8025,1,0,4,a
1,2013-03-16,6028,1,0,5,a
1,2013-03-17,6910,1,1,6,a
1,2013-03-18,10835,1,1,0,a
1,2013-03-19,8837,1,0,1,a
1,2013-03-20,8973,1,0,2,a
1,2013-03-21,10109,1,1,3,a
1,2013-03-22,10482,1,1,4,a
1,2013-03-23,6262,1,0,5,a
1,2013-03-24,0,0,0,6,a
1,2013-03-25,11142,1,1,0,a
1,2013-03-26,10800,1,1,1,a
1,2013-03-27,10482,1,1,2,a
1,2013-03-28,10840,1,1,3,a
1,2013-03-29,10539,1,1,4,a
1,2013-03-30,6416,1,0,5,a
1,2013-03-31,0,0,1,6,a
1,2013-04-01,8877,1,0,0,a
1,2013-04-02,10412,1,1,1,a
1,2013-04-03,10569,1,1,2,a
1,2013-04-04,8140,1,0,3,a
1,2013-04-05,9037,1,0,4,a
1,2013-04-06,7289,1,1,5,a
1,2013-04-07,0,0,0,6,a
1,2013-04-08,10697,1,1,0,a
1,2013-04-09,8722,1,0,1,a
1,2013-04-10,10651,1,1,2,a
1,2013-04-11,8973,1,0,3,a
1,2013-04-12,9111,1,0,4,a
1,2013-04-13,6280,1,0,5,a
1,2013-04-14,0,0,1,6,a
1,2013-04-15,8595,1,0,0,a
1,2013-04-16,10977,1,1,1,a
1,2013-04-17,8565,1,0,2,a
1,2013-04-18,8736,1,0,3,a
1,2013-04-19,10186,1,1,4,a
1,2013-04-20,6986,1,1,5,a
1,2013-04-21,0,0,0,6,a
1,2013-04-22,8221,1,0,0,a
1,2013-04-23,9934,1,1,1,a
1,2013-04-24,8749,1,0,2,a
1,2013-04-25,10851,1,1,3,a
1,2013-04-26,8551,1,0,4,a
1,2013-04-27,7553,1,1,5,a
1,2013-04-28,0,0,0,6,a
1,2013-04-29,10339,1,1,0,a
1,2013-04-30,10351,1,1,1,a
1,2013-05-01,9735,1,1,2,a
1,2013-05-02,7907,1,0,3,a
1,2013-05-03,8886,1,0,4,a
1,2013-05-04,5324,1,0,5,a
1,2013-05-05,0,0,1,6,a
1,2013-05-06,7897,1,0,0,a
1,2013-05-07,9992,1,1,1,a
1,2013-05-08,10191,1,1,2,a
1,2013-05-09,7771,1,0,3,a
1,2013-05-10,10079,1,1,4,a
1,2013-05-11,6109,1,0,5,a
1,2013-05-12,0,0,0,6,a
1,2013-05-13,9664,1,1,0,a
1,2013-05-14,8157,1,0,1,a
1,2013-05-15,7735,1,0,2,a
1,2013-05-16,7266,1,0,3,a
1,2013-05-17,8500,1,0,4,a
1,2013-05-18,5636,1,0,5,a
1,2013-05-19,0,0,1,6,a
1,2013-05-20,7887,1,0,0,a
1,2013-05-21,9378,1,1,1,a
1,2013-05-22,8190,1,0,2,a
1,2013-05-23,7978,1,0,3,a
1,2013-05-24,8524,1,0,4,a
1,2013-05-25,5887,1,1,5,a
1,2013-05-26,0,0,0,6,a
1,2013-05-27,9108,1,1,0,a
1,2013-05-28,7922,1,0,1,a
1,2013-05-29,8805,1,1,2,a
1,2013-05-30,7937,1,0,3,a
1,2013-05-31,7840,1,0,4,a
1,2013-06-01,5111,1,0,5,a
1,2013-06-02,0,0,1,6,a
1,2013-06-03,7754,1,0,0,a
1,2013-06-04,8411,1,0,1,a
1,2013-06-05,8892,1,1,2,a
1,2013-06-06,7857,1,0,3,a
1,2013-06-07,7790,1,0,4,a
1,2013-06-08,5274,1,0,5,a
1,2013-06-09,0,0,1,6,a
1,2013-06-10,7756,1,0,0,a
1,2013-06-11,7528,1,0,1,a
1,2013-06-12,9022,1,1,2,a
1,2013-06-13,8880,1,1,3,a
1,2013-06-14,7610,1,0,4,a
1,2013-06-15,5371,1,0,5,a
1,2013-06-16,0,0,0,6,a
1,2013-06-17,7974,1,1,0,a
1,2013-06-18,7486,1,0,1,a
1,2013-06-19,7640,1,0,2,a
1,2013-06-20,7314,1,0,3,a
1,2013-06-21,6951,1,0,4,a
1,2013-06-22,5127,1,0,5,a
1,2013-06-23,0,0,0,6,a
1,2013-06-24,8339,1,1,0,a
1,2013-06-25,7642,1,1,1,a
1,2013-06-26,6782,1,0,2,a
1,2013-06-27,6849,1,0,3,a
1,2013-06-28,8380,1,1,4,a
1,2013-06-29,5115,1,0,5,a
1,2013-06-30,4810,1,0,6,a
1,2013-07-01,6605,1,0,0,a
1,2013-07-02,7223,1,1,1,a
1,2013-07-03,7988,1,1,2,a
1,2013-07-04,8117,1,1,3,a
1,2013-07-05,6594,1,0,4,a
1,2013-07-06,4496,1,0,5,a
1,2013-07-07,0,0,1,6,a
1,2013-07-08,6692,1,0,0,a
1,2013-07-09,6564,1,0,1,a
1,2013-07-10,6419,1,0,2,a
1,2013-07-11,7215,1,1,3,a
1,2013-07-12,6589,1,0,4,a
1,2013-07-13,4373,1,0,5,a
1,2013-07-14,0,0,1,6,a
1,2013-07-15,7200,1,1,0,a
1,2013-07-16,6911,1,1,1,a
1,2013-07-17,7450,1,1,2,a
1,2013-07-18,6280,1,0,3,a
1,2013-07-19,6626,1,0,4,a
1,2013-07-20,3621,1,0,5,a
1,2013-07-21,0,0,0,6,a
1,2013-07-22,6343,1,0,0,a
1,2013-07-23,7509,1,1,1,a
1,2013-07-24,7713,1,1,2,a
1,2013-07-25,5789,1,0,3,a
1,2013-07-26,5769,1,0,4,a
1,2013-07-27,3914,1,0,5,a
1,2013-07-28,3781,1,0,6,a
1,2013-07-29,7262,1,1,0,a
1,2013-07-30,5332,1,0,1,a
1,2013-07-31,7229,1,1,2,a
1,2013-08-01,5633,1,0,3,a
1,2013-08-02,7032,1,1,4,a
1,2013-08-03,3235,1,0,5,a
1,2013-08-04,4009,1,0,6,a
1,2013-08-05,7053,1,1,0,a
1,2013-08-06,5994,1,0,1,a
1,2013-08-07,5120,1,0,2,a
1,2013-08-08,5802,1,0,3,a
1,2013-08-09,4882,1,0,4,a
1,2013-08-10,4077,1,0,5,a
1,2013-08-11,0,0,0,6,a
1,2013-08-12,5240,1,0,0,a
1,2013-08-13,6055,1,1,1,a
1,2013-08-14,5192,1,0,2,a
1,2013-08-15,6194,1,1,3,a
1,2013-08-16,6943,1,1,4,a
1,2013-08-17,4508,1,1,5,a
1,2013-08-18,3687,1,0,6,a
1,2013-08-19,5281,1,0,0,a
1,2013-08-20,6639,1,1,1,a
1,2013-08-21,5945,1,1,2,a
1,2013-08-22,4660,1,0,3,a
1,2013-08-23,6405,1,1,4,a
1,2013-08-24,2925,1,0,5,a
1,2013-08-25,0,0,1,6,a
1,2013-08-26,4878,1,0,0,a
1,2013-08-27,5113,1,0,1,a
1,2013-08-28,5299,1,0,2,a
1,2013-08-29,4694,1,0,3,a
1,2013-08-30,5082,1,0,4,a
1,2013-08-31,4404,1,1,5,a
1,2013-09-01,0,0,1,6,a
1,2013-09-02,4550,1,0,0,a
1,2013-09-03,4906,1,0,1,a
1,2013-09-04,4981,1,0,2,a
1,2013-09-05,5453,1,0,3,a
1,2013-09-06,5403,1,0,4,a
1,2013-09-07,3748,1,0,5,a
1,2013-09-08,0,0,1,6,a
1,2013-09-09,5630,1,1,0,a
1,2013-09-10,5351,1,0,1,a
1,2013-09-11,5421,1,1,2,a
1,2013-09-12,4862,1,0,3,a
1,2013-09-13,5019,1,0,4,a
1,2013-09-14,3762,1,0,5,a
1,2013-09-15,3644,1,1,6,a
1,2013-09-16,4988,1,0,0,a
1,2013-09-17,5697,1,1,1,a
1,2013-09-18,4929,1,0,2,a
1,2013-09-19,4777,1,0,3,a
1,2013-09-20,4779,1,0,4,a
1,2013-09-21,3267,1,0,5,a
1,2013-09-22,0,0,0,6,a
1,2013-09-23,4793,1,0,0,a
1,2013-09-24,4928,1,0,1,a
1,2013-09-25,5705,1,1,2,a
1,2013-09-26,4989,1,0,3,a
1,2013-09-27,5726,1,1,4,a
1,2013-09-28,3095,1,0,5,a
1,2013-09-29,0,0,1,6,a
1,2013-09-30,4271,1,0,0,a
1,2013-10-01,5159,1,0,1,a
1,2013-10-02,5566,1,1,2,a
1,2013-10-03,4868,1,0,3,a
1,2013-10-04,4871,1,0,4,a
1,2013-10-05,3305,1,0,5,a
1,2013-10-06,0,0,0,6,a
1,2013-10-07,4650,1,0,0,a
1,2013-10-08,4639,1,0,1,a
1,2013-10-09,5048,1,0,2,a
1,2013-10-10,5186,1,0,3,a
1,2013-10-11,5344,1,1,4,a
1,2013-10-12,3628,1,1,5,a
1,2013-10-13,3683,1,0,6,a
1,2013-10-14,6011,1,1,0,a
1,2013-10-15,4472,1,0,1,a
1,2013-10-16,4524,1,0,2,a
1,2013-10-17,5768,1,1,3,a
1,2013-10-18,4899,1,0,4,a
1,2013-10-19,4252,1,1,5,a
1,2013-10-20,3505,1,0,6,a
1,2013-10-21,5968,1,1,0,a
1,2013-10-22,5925,1,1,1,a
1,2013-10-23,4288,1,0,2,a
1,2013-10-24,4412,1,0,3,a
1,2013-10-25,4908,1,0,4,a
1,2013-10-26,3340,1,0,5,a
1,2013-10-27,0,0,1,6,a
1,2013-10-28,4891,1,0,0,a
1,2013-10-29,4729,1,0,1,a
1,2013-10-30,4746,1,0,2,a
1,2013-10-31,5895,1,1,3,a
1,2013-11-01,5618,1,1,4,a
1,2013-11-02,4898,1,1,5,a
1,2013-11-03,0,0,0,6,a
1,2013-11-04,4946,1,0,0,a
1,2013-11-05,4978,1,0,1,a
1,2013-11-06,5412,1,0,2,a
1,2013-11-07,5303,1,0,3,a
1,2013-11-08,5565,1,0,4,a
1,2013-11-09,3128,1,0,5,a
1,2013-11-10,4654,1,1,6,a
1,2013-11-11,5402,1,0,0,a
1,2013-11-12,6229,1,1,1,a
1,2013-11-13,4988,1,0,2,a
1,2013-11-14,6277,1,1,3,a
1,2013-11-15,4897,1,0,4,a
1,2013-11-16,4888,1,1,5,a
1,2013-11-17,0,0,0,6,a
1,2013-11-18,6701,1,1,0,a
1,2013-11-19,5073,1,0,1,a
1,2013-11-20,5644,1,0,2,a
1,2013-11-21,6795,1,1,3,a
1,2013-11-22,5761,1,0,4,a
1,2013-11-23,3904,1,0,5,a
1,2013-11-24,3441,1,0,6,a
1,2013-11-25,5619,1,0,0,a
1,2013-11-26,6593,1,1,1,a
1,2013-11-27,7031,1,1,2,a
1,2013-11-28,5573,1,0,3,a
1,2013-11-29,5735,1,0,4,a
1,2013-11-30,4142,1,0,5,a
1,2013-12-01,0,0,0,6,a
1,2013-12-02,7056,1,1,0,a
1,2013-12-03,5120,1,0,1,a
1,2013-12-04,7557,1,1,2,a
1,2013-12-05,7474,1,1,3,a
1,2013-12-06,5553,1,0,4,a
1,2013-12-07,4101,1,0,5,a
1,2013-12-08,0,0,0,6,a
1,2013-12-09,6261,1,0,0,a
1,2013-12-10,6368,1,0,1,a
1,2013-12-11,6022,1,0,2,a
1,2013-12-12,6031,1,0,3,a
1,2013-12-13,6583,1,0,4,a
1,2013-12-14,4527,1,0,5,a
1,2013-12-15,0,0,0,6,a
1,2013-12-16,6341,1,0,0,a
1,2013-12-17,6740,1,0,1,a
1,2013-12-18,6316,1,0,2,a
1,2013-12-19,6472,1,0,3,a
1,2013-12-20,6649,1,0,4,a
1,2013-12-21,4521,1,0,5,a
1,2013-12-22,0,0,0,6,a
1,2013-12-23,6596,1,0,0,a
1,2013-12-24,6225,1,0,1,a
1,2013-12-25,7839,1,1,2,a
1,2013-12-26,6923,1,0,3,a
1,2013-12-27,8109,1,1,4,a
1,2013-12-28,5173,1,1,5,a
1,2013-12-29,0,0,0,6,a
1,2013-12-30,6856,1,0,0,a
1,2013-12-31,7872,1,1,1,a
1,2014-01-01,8501,1,1,2,a
1,2014-01-02,6638,1,0,3,a
1,2014-01-03,8374,1,1,4,a
1,2014-01-04,4114,1,0,5,a
1,2014-01-05,0,0,0,6,a
1,2014-01-06,8293,1,1,0,a
1,2014-01-07,6884,1,0,1,a
1,2014-01-08,6980,1,0,2,a
1,2014-01-09,8199,1,1,3,a
1,2014-01-10,8700,1,1,4,a
1,2014-01-11,5874,1,1,5,a
1,2014-01-12,0,0,0,6,a
1,2014-01-13,8714,1,1,0,a
1,2014-01-14,9034,1,1,1,a
1,2014-01-15,7515,1,0,2,a
1,2014-01-16,8474,1,1,3,a
1,2014-01-17,7312,1,0,4,a
1,2014-01-18,5652,1,1,5,a
1,2014-01-19,0,0,1,6,a
1,2014-01-20,9477,1,1,0,a
1,2014-01-21,7982,1,0,1,a
1,2014-01-22,7915,1,0,2,a
1,2014-01-23,7726,1,0,3,a
1,2014-01-24,8794,1,1,4,a
1,2014-01-25,6599,1,1,5,a
1,2014-01-26,0,0,0,6,a
1,2014-01-27,7784,1,0,0,a
1,2014-01-28,9540,1,1,1,a
1,2014-01-29,7710,1,0,2,a
1,2014-01-30,6986,1,0,3,a
1,2014-01-31,7785,1,0,4,a
1,2014-02-01,6235,1,1,5,a
1,2014-02-02,6916,1,1,6,a
1,2014-02-03,8995,1,1,0,a
1,2014-02-04,9366,1,1,1,a
1,2014-02-05,9454,1,1,2,a
1,2014-02-06,8683,1,0,3,a
1,2014-02-07,9905,1,1,4,a
1,2014-02-08,5583,1,0,5,a
1,2014-02-09,0,0,1,6,a
1,2014-02-10,9544,1,1,0,a
1,2014-02-11,8051,1,0,1,a
1,2014-02-12,8233,1,0,2,a
1,2014-02-13,9503,1,1,3,a
1,2014-02-14,9754,1,1,4,a
1,2014-02-15,6779,1,1,5,a
1,2014-02-16,0,0,0,6,a
1,2014-02-17,7926,1,0,0,a
1,2014-02-18,10306,1,1,1,a
1,2014-02-19,7761,1,0,2,a
1,2014-02-20,7776,1,0,3,a
1,2014-02-21,8446,1,0,4,a
1,2014-02-22,6077,1,0,5,a
1,2014-02-23,0,0,0,6,a
1,2014-02-24,9868,1,1,0,a
1,2014-02-25,10253,1,1,1,a
1,2014-02-26,8353,1,0,2,a
1,2014-02-27,8276,1,0,3,a
1,2014-02-28,8343,1,0,4,a
1,2014-03-01,6016,1,0,5,a
1,2014-03-02,0,0,0,6,a
1,2014-03-03,8483,1,0,0,a
1,2014-03-04,9748,1,1,1,a
1,2014-03-05,10092,1,1,2,a
1,2014-03-06,10149,1,1,3,a
1,2014-03-07,10178,1,1,4,a
1,2014-03-08,6142,1,0,5,a
1,2014-03-09,0,0,0,6,a
1,2014-03-10,8422,1,0,0,a
1,2014-03-11,8748,1,0,1,a
1,2014-03-12,8564,1,0,2,a
1,2014-03-13,10384,1,1,3,a
1,2014-03-14,8474,1,0,4,a
1,2014-03-15,5746,1,0,5,a
1,2014-03-16,0,0,0,6,a
1,2014-03-17,8533,1,0,0,a
1,2014-03-18,8632,1,0,1,a
1,2014-03-19,10959,1,1,2,a
1,2014-03-20,8453,1,0,3,a
1,2014-03-21,8444,1,0,4,a
1,2014-03-22,6091,1,0,5,a
1,2014-03-23,0,0,1,6,a
1,2014-03-24,8787,1,0,0,a
1,2014-03-25,10867,1,1,1,a
1,2014-03-26,9152,1,0,2,a
1,2014-03-27,10918,1,1,3,a
1,2014-03-28,8579,1,0,4,a
1,2014-03-29,7238,1,1,5,a
1,2014-03-30,0,0,0,6,a
1,2014-03-31,10729,1,1,0,a
1,2014-04-01,8853,1,0,1,a
1,2014-04-02,10302,1,1,2,a
1,2014-04-03,10356,1,1,3,a
1,2014-04-04,10583,1,1,4,a
1,2014-04-05,6753,1,1,5,a
1,2014-04-06,0,0,1,6,a
1,2014-04-07,10246,1,1,0,a
1,2014-04-08,8831,1,0,1,a
1,2014-04-09,10609,1,1,2,a
1,2014-04-10,10080,1,1,3,a
1,2014-04-11,9419,1,0,4,a
1,2014-04-12,7162,1,1,5,a
1,2014-04-13,0,0,1,6,a
1,2014-04-14,8507,1,0,0,a
1,2014-04-15,10136,1,1,1,a
1,2014-04-16,10199,1,1,2,a
1,2014-04-17,8486,1,0,3,a
1,2014-04-18,8501,1,0,4,a
1,2014-04-19,6301,1,0,5,a
1,2014-04-20,0,0,1,6,a
1,2014-04-21,10271,1,1,0,a
1,2014-04-22,8369,1,0,1,a
1,2014-04-23,8376,1,0,2,a
1,2014-04-24,8593,1,0,3,a
1,2014-04-25,9032,1,0,4,a
1,2014-04-26,5848,1,0,5,a
1,2014-04-27,0,0,0,6,a
1,2014-04-28,9939,1,1,0,a
1,2014-04-29,10106,1,1,1,a
1,2014-04-30,7994,1,0,2,a
1,2014-05-01,8831,1,0,3,a
1,2014-05-02,8654,1,0,4,a
1,2014-05-03,6059,1,0,5,a
1,2014-05-04,0,0,0,6,a
1,2014-05-05,9787,1,1,0,a
1,2014-05-06,10128,1,1,1,a
1,2014-05-07,8582,1,0,2,a
1,2014-05-08,9748,1,1,3,a
1,2014-05-09,10298,1,1,4,a
1,2014-05-10,7143,1,1,5,a
1,2014-05-11,0,0,1,6,a
1,2014-05-12,9644,1,1,0,a
1,2014-05-13,10256,1,1,1,a
1,2014-05-14,10280,1,1,2,a
1,2014-05-15,8551,1,0,3,a
1,2014-05-16,9686,1,1,4,a
1,2014-05-17,6615,1,1,5,a
1,2014-05-18,0,0,0,6,a
1,2014-05-19,8375,1,0,0,a
1,2014-05-20,9893,1,1,1,a
1,2014-05-21,8419,1,0,2,a
1,2014-05-22,8082,1,0,3,a
1,2014-05-23,7926,1,0,4,a
1,2014-05-24,6704,1,1,5,a
1,2014-05-25,0,0,0,6,a
1,2014-05-26,7652,1,0,0,a
1,2014-05-27,9433,1,1,1,a
1,2014-05-28,7635,1,0,2,a
1,2014-05-29,8110,1,0,3,a
1,2014-05-30,9250,1,1,4,a
1,2014-05-31,5472,1,0,5,a
1,2014-06-01,0,0,0,6,a
1,2014-06-02,9913,1,1,0,a
1,2014-06-03,9042,1,1,1,a
1,2014-06-04,7325,1,0,2,a
1,2014-06-05,8909,1,1,3,a
1,2014-06-06,7365,1,0,4,a
1,2014-06-07,6436,1,1,5,a
1,2014-06-08,0,0,1,6,a
1,2014-06-09,9065,1,1,0,a
1,2014-06-10,7587,1,0,1,a
1,2014-06-11,7479,1,0,2,a
1,2014-06-12,8876,1,1,3,a
1,2014-06-13,8453,1,1,4,a
1,2014-06-14,5349,1,0,5,a
1,2014-06-15,5901,1,1,6,a
1,2014-06-16,7342,1,0,0,a
1,2014-06-17,6914,1,0,1,a
1,2014-06-18,7307,1,0,2,a
1,2014-06-19,6946,1,0,3,a
1,2014-06-20,6912,1,0,4,a
1,2014-06-21,5649,1,1,5,a
1,2014-06-22,4996,1,0,6,a
1,2014-06-23,6897,1,0,0,a
1,2014-06-24,6351,1,0,1,a
1,2014-06-25,7238,1,0,2,a
1,2014-06-26,8205,1,1,3,a
1,2014-06-27,6855,1,0,4,a
1,2014-06-28,5810,1,1,5,a
1,2014-06-29,0,0,1,6,a
1,2014-06-30,7025,1,0,0,a
1,2014-07-01,7152,1,0,1,a
1,2014-07-02,7034,1,0,2,a
1,2014-07-03,6962,1,0,3,a
1,2014-07-04,7220,1,0,4,a
1,2014-07-05,4763,1,0,5,a
1,2014-07-06,0,0,1,6,a
1,2014-07-07,6348,1,0,0,a
1,2014-07-08,7744,1,1,1,a
1,2014-07-09,7661,1,1,2,a
1,2014-07-10,7314,1,1,3,a
1,2014-07-11,6159,1,0,4,a
1,2014-07-12,5005,1,1,5,a
1,2014-07-13,0,0,0,6,a
1,2014-07-14,6322,1,0,0,a
1,2014-07-15,6503,1,0,1,a
1,2014-07-16,6232,1,0,2,a
1,2014-07-17,6368,1,0,3,a
1,2014-07-18,6610,1,1,4,a
1,2014-07-19,4710,1,0,5,a
1,2014-07-20,0,0,0,6,a
1,2014-07-21,5917,1,0,0,a
1,2014-07-22,6117,1,0,1,a
1,2014-07-23,7263,1,1,2,a
1,2014-07-24,7712,1,1,3,a
1,2014-07-25,7326,1,1,4,a
1,2014-07-26,5147,1,1,5,a
1,2014-07-27,0,0,0,6,a
1,2014-07-28,6951,1,1,0,a
1,2014-07-29,7227,1,1,1,a
1,2014-07-30,5768,1,0,2,a
1,2014-07-31,5212,1,0,3,a
1,2014-08-01,5173,1,0,4,a
1,2014-08-02,4100,1,0,5,a
1,2014-08-03,0,0,0,6,a
1,2014-08-04,5793,1,0,0,a
1,2014-08-05,6635,1,1,1,a
1,2014-08-06,6427,1,1,2,a
1,2014-08-07,6511,1,1,3,a
1,2014-08-08,5859,1,0,4,a
1,2014-08-09,3774,1,0,5,a
1,2014-08-10,4238,1,1,6,a
1,2014-08-11,5441,1,0,0,a
1,2014-08-12,5086,1,0,1,a
1,2014-08-13,6187,1,1,2,a
1,2014-08-14,5198,1,0,3,a
1,2014-08-15,5764,1,0,4,a
1,2014-08-16,4114,1,1,5,a
1,2014-08-17,0,0,1,6,a
1,2014-08-18,6575,1,1,0,a
1,2014-08-19,5385,1,1,1,a
1,2014-08-20,5283,1,0,2,a
1,2014-08-21,5150,1,0,3,a
1,2014-08-22,5857,1,1,4,a
1,2014-08-23,3406,1,0,5,a
1,2014-08-24,0,0,0,6,a
1,2014-08-25,5155,1,0,0,a
1,2014-08-26,5009,1,0,1,a
1,2014-08-27,5033,1,0,2,a
1,2014-08-28,4899,1,0,3,a
1,2014-08-29,4940,1,0,4,a
1,2014-08-30,3302,1,0,5,a
1,2014-08-31,4486,1,1,6,a
1,2014-09-01,6151,1,1,0,a
1,2014-09-02,5385,1,0,1,a
1,2014-09-03,4612,1,0,2,a
1,2014-09-04,4821,1,0,3,a
1,2014-09-05,4762,1,0,4,a
1,2014-09-06,3269,1,0,5,a
1,2014-09-07,0,0,0,6,a
1,2014-09-08,5729,1,1,0,a
1,2014-09-09,4815,1,0,1,a
1,2014-09-10,5871,1,1,2,a
1,2014-09-11,4677,1,0,3,a
1,2014-09-12,5884,1,1,4,a
1,2014-09-13,3060,1,0,5,a
1,2014-09-14,0,0,0,6,a
1,2014-09-15,5906,1,1,0,a
1,2014-09-16,4927,1,0,1,a
1,2014-09-17,6097,1,1,2,a
1,2014-09-18,6239,1,1,3,a
1,2014-09-19,4564,1,0,4,a
1,2014-09-20,3053,1,0,5,a
1,2014-09-21,3603,1,0,6,a
1,2014-09-22,4961,1,0,0,a
1,2014-09-23,4623,1,0,1,a
1,2014-09-24,5490,1,1,2,a
1,2014-09-25,5889,1,1,3,a
1,2014-09-26,4958,1,0,4,a
1,2014-09-27,3360,1,0,5,a
1,2014-09-28,0,0,1,6,a
1,2014-09-29,5843,1,1,0,a
1,2014-09-30,4661,1,0,1,a
1,2014-10-01,5377,1,0,2,a
1,2014-10-02,4780,1,0,3,a
1,2014-10-03,4460,1,0,4,a
1,2014-10-04,3064,1,1,5,a
1,2014-10-05,0,0,0,6,a
1,2014-10-06,4462,1,0,0,a
1,2014-10-07,5203,1,1,1,a
1,2014-10-08,5597,1,1,2,a
1,2014-10-09,5397,1,1,3,a
1,2014-10-10,4841,1,0,4,a
1,2014-10-11,3199,1,0,5,a
1,2014-10-12,0,0,0,6,a
1,2014-10-13,4810,1,0,0,a
1,2014-10-14,5695,1,1,1,a
1,2014-10-15,5045,1,1,2,a
1,2014-10-16,4861,1,0,3,a
1,2014-10-17,5135,1,0,4,a
1,2014-10-18,3406,1,0,5,a
1,2014-10-19,0,0,1,6,a
1,2014-10-20,4633,1,0,0,a
1,2014-10-21,5044,1,0,1,a
1,2014-10-22,4662,1,0,2,a
1,2014-10-23,5113,1,0,3,a
1,2014-10-24,4401,1,0,4,a
1,2014-10-25,3983,1,1,5,a
1,2014-10-26,0,0,0,6,a
1,2014-10-27,4585,1,0,0,a
1,2014-10-28,4787,1,0,1,a
1,2014-10-29,6468,1,1,2,a
1,2014-10-30,4471,1,0,3,a
1,2014-10-31,5255,1,0,4,a
1,2014-11-01,4418,1,1,5,a
1,2014-11-02,0,0,0,6,a
1,2014-11-03,4598,1,0,0,a
1,2014-11-04,5757,1,1,1,a
1,2014-11-05,6308,1,1,2,a
1,2014-11-06,5873,1,1,3,a
1,2014-11-07,6356,1,1,4,a
1,2014-11-08,4176,1,1,5,a
1,2014-11-09,0,0,0,6,a
1,2014-11-10,6508,1,1,0,a
1,2014-11-11,5891,1,0,1,a
1,2014-11-12,6281,1,1,2,a
1,2014-11-13,6138,1,1,3,a
1,2014-11-14,5667,1,0,4,a
1,2014-11-15,4386,1,1,5,a
1,2014-11-16,4087,1,0,6,a
1,2014-11-17,5566,1,0,0,a
1,2014-11-18,6633,1,1,1,a
1,2014-11-19,6339,1,1,2,a
1,2014-11-20,5598,1,0,3,a
1,2014-11-21,5523,1,0,4,a
1,2014-11-22,4021,1,0,5,a
1,2014-11-23,4209,1,0,6,a
1,2014-11-24,6674,1,1,0,a
1,2014-11-25,6835,1,1,1,a
1,2014-11-26,6691,1,1,2,a
1,2014-11-27,6062,1,0,3,a
1,2014-11-28,5605,1,0,4,a
1,2014-11-29,3815,1,0,5,a
1,2014-11-30,0,0,0,6,a
1,2014-12-01,6412,1,1,0,a
1,2014-12-02,6331,1,0,1,a
1,2014-12-03,5577,1,0,2,a
1,2014-12-04,7381,1,1,3,a
1,2014-12-05,5665,1,0,4,a
1,2014-12-06,4118,1,0,5,a
1,2014-12-07,0,0,0,6,a
1,2014-12-08,5663,1,0,0,a
1,2014-12-09,6237,1,0,1,a
1,2014-12-10,7108,1,1,2,a
1,2014-12-11,7577,1,1,3,a
1,2014-12-12,7566,1,1,4,a
1,2014-12-13,3785,1,0,5,a
1,2014-12-14,0,0,0,6,a
1,2014-12-15,7784,1,1,0,a
1,2014-12-16,6297,1,0,1,a
1,2014-12-17,5874,1,0,2,a
1,2014-12-18,7524,1,1,3,a
1,2014-12-19,6344,1,0,4,a
1,2014-12-20,5227,1,1,5,a
1,2014-12-21,0,0,0,6,a
1,2014-12-22,6498,1,0,0,a
1,2014-12-23,5870,1,0,1,a
1,2014-12-24,6403,1,0,2,a
1,2014-12-25,7884,1,1,3,a
1,2014-12-26,6177,1,0,4,a
1,2014-12-27,4540,1,0,5,a
1,2014-12-28,0,0,0,6,a
1,2014-12-29,5991,1,0,0,a
1,2014-12-30,7341,1,1,1,a
1,2014-12-31,6765,1,0,2,a
1,2015-01-01,6941,1,0,3,a
1,2015-01-02,6409,1,0,4,a
1,2015-01-03,5944,1,1,5,a
1,2015-01-04,0,0,0,6,a
1,2015-01-05,6666,1,0,0,a
1,2015-01-06,6458,1,0,1,a
1,2015-01-07,7281,1,0,2,a
1,2015-01-08,8310,1,1,3,a
1,2015-01-09,8743,1,1,4,a
1,2015-01-10,5183,1,0,5,a
1,2015-01-11,0,0,1,6,a
1,2015-01-12,8929,1,1,0,a
1,2015-01-13,8780,1,1,1,a
1,2015-01-14,8644,1,1,2,a
1,2015-01-15,8912,1,1,3,a
1,2015-01-16,6874,1,0,4,a
1,2015-01-17,6577,1,1,5,a
1,2015-01-18,0,0,0,6,a
1,2015-01-19,7587,1,0,0,a
1,2015-01-20,8579,1,1,1,a
1,2015-01-21,8925,1,1,2,a
1,2015-01-22,9107,1,1,3,a
1,2015-01-23,7435,1,0,4,a
1,2015-01-24,4852,1,0,5,a
1,2015-01-25,0,0,1,6,a
1,2015-01-26,7438,1,0,0,a
1,2015-01-27,7576,1,0,1,a
1,2015-01-28,8005,1,0,2,a
1,2015-01-29,9242,1,1,3,a
1,2015-01-30,9523,1,1,4,a
1,2015-01-31,5097,1,0,5,a
1,2015-02-01,4972,1,0,6,a
1,2015-02-02,9451,1,1,0,a
1,2015-02-03,8710,1,1,1,a
1,2015-02-04,8072,1,0,2,a
1,2015-02-05,8003,1,0,3,a
1,2015-02-06,7980,1,0,4,a
1,2015-02-07,5502,1,0,5,a
1,2015-02-08,0,0,0,6,a
1,2015-02-09,8111,1,0,0,a
1,2015-02-10,7966,1,0,1,a
1,2015-02-11,9228,1,1,2,a
1,2015-02-12,9775,1,1,3,a
1,2015-02-13,8130,1,0,4,a
1,2015-02-14,6592,1,1,5,a
1,2015-02-15,0,0,0,6,a
1,2015-02-16,10016,1,1,0,a
1,2015-02-17,10008,1,1,1,a
1,2015-02-18,9914,1,1,2,a
1,2015-02-19,9884,1,1,3,a
1,2015-02-20,7794,1,0,4,a
1,2015-02-21,5541,1,0,5,a
1,2015-02-22,0,0,0,6,a
1,2015-02-23,7982,1,0,0,a
1,2015-02-24,10254,1,1,1,a
1,2015-02-25,10236,1,1,2,a
1,2015-02-26,9777,1,1,3,a
1,2015-02-27,8148,1,0,4,a
1,2015-02-28,6786,1,1,5,a
1,2015-03-01,0,0,0,6,a
1,2015-03-02,10501,1,1,0,a
1,2015-03-03,9994,1,1,1,a
1,2015-03-04,10382,1,1,2,a
1,2015-03-05,9778,1,1,3,a
1,2015-03-06,8453,1,0,4,a
1,2015-03-07,6900,1,1,5,a
1,2015-03-08,0,0,1,6,a
1,2015-03-09,10763,1,1,0,a
1,2015-03-10,10875,1,1,1,a
1,2015-03-11,10489,1,1,2,a
1,2015-03-12,10434,1,1,3,a
1,2015-03-13,8521,1,0,4,a
1,2015-03-14,6346,1,0,5,a
1,2015-03-15,0,0,1,6,a
1,2015-03-16,10396,1,1,0,a
1,2015-03-17,9346,1,0,1,a
1,2015-03-18,8852,1,0,2,a
1,2015-03-19,8574,1,0,3,a
1,2015-03-20,8696,1,0,4,a
1,2015-03-21,6328,1,0,5,a
1,2015-03-22,0,0,1,6,a
1,2015-03-23,8749,1,0,0,a
1,2015-03-24,8096,1,0,1,a
1,2015-03-25,10698,1,1,2,a
1,2015-03-26,8649,1,0,3,a
1,2015-03-27,10955,1,1,4,a
1,2015-03-28,7512,1,1,5,a
1,2015-03-29,0,0,1,6,a
1,2015-03-30,10124,1,1,0,a
1,2015-03-31,10367,1,1,1,a
1,2015-04-01,8604,1,0,2,a
1,2015-04-02,10668,1,1,3,a
1,2015-04-03,8680,1,0,4,a
1,2015-04-04,7662,1,1,5,a
1,2015-04-05,0,0,1,6,a
1,2015-04-06,9467,1,0,0,a
1,2015-04-07,10604,1,1,1,a
1,2015-04-08,8629,1,0,2,a
1,2015-04-09,10426,1,1,3,a
1,2015-04-10,8673,1,0,4,a
1,2015-04-11,5539,1,0,5,a
1,2015-04-12,0,0,1,6,a
1,2015-04-13,10367,1,1,0,a
1,2015-04-14,8789,1,0,1,a
1,2015-04-15,8157,1,0,2,a
1,2015-04-16,9107,1,0,3,a
1,2015-04-17,8842,1,0,4,a
1,2015-04-18,7292,1,1,5,a
1,2015-04-19,0,0,0,6,a
1,2015-04-20,8320,1,0,0,a
1,2015-04-21,9018,1,0,1,a
1,2015-04-22,8804,1,0,2,a
1,2015-04-23,10865,1,1,3,a
1,2015-04-24,8927,1,0,4,a
1,2015-04-25,6113,1,0,5,a
1,2015-04-26,0,0,0,6,a
1,2015-04-27,8954,1,0,0,a
1,2015-04-28,10305,1,1,1,a
1,2015-04-29,8686,1,0,2,a
1,2015-04-30,8875,1,0,3,a
1,2015-05-01,8732,1,0,4,a
1,2015-05-02,5650,1,0,5,a
1,2015-05-03,5769,1,0,6,a
1,2015-05-04,8551,1,0,0,a
1,2015-05-05,9803,1,1,1,a
1,2015-05-06,8270,1,0,2,a
1,2015-05-07,7977,1,0,3,a
1,2015-05-08,8203,1,0,4,a
1,2015-05-09,6949,1,1,5,a
1,2015-05-10,0,0,1,6,a
1,2015-05-11,7632,1,0,0,a
1,2015-05-12,8444,1,0,1,a
1,2015-05-13,9247,1,1,2,a
1,2015-05-14,8255,1,0,3,a
1,2015-05-15,9903,1,1,4,a
1,2015-05-16,5675,1,0,5,a
1,2015-05-17,0,0,1,6,a
1,2015-05-18,7967,1,0,0,a
1,2015-05-19,8247,1,0,1,a
1,2015-05-20,9250,1,1,2,a
1,2015-05-21,8135,1,0,3,a
1,2015-05-22,9785,1,1,4,a
1,2015-05-23,5066,1,0,5,a
1,2015-05-24,0,0,1,6,a
1,2015-05-25,7831,1,0,0,a
1,2015-05-26,9219,1,1,1,a
1,2015-05-27,8544,1,0,2,a
1,2015-05-28,7946,1,0,3,a
1,2015-05-29,7902,1,0,4,a
1,2015-05-30,6411,1,1,5,a
1,2015-05-31,0,0,0,6,a
1,2015-06-01,9255,1,1,0,a
1,2015-06-02,9495,1,1,1,a
1,2015-06-03,7644,1,0,2,a
1,2015-06-04,9574,1,1,3,a
1,2015-06-05,9154,1,1,4,a
1,2015-06-06,5223,1,0,5,a
1,2015-06-07,0,0,1,6,a
1,2015-06-08,8652,1,1,0,a
1,2015-06-09,7820,1,0,1,a
1,2015-06-10,8055,1,0,2,a
1,2015-06-11,8640,1,1,3,a
1,2015-06-12,7378,1,0,4,a
1,2015-06-13,5084,1,0,5,a
1,2015-06-14,5391,1,0,6,a
1,2015-06-15,7035,1,0,0,a
1,2015-06-16,6908,1,0,1,a
1,2015-06-17,7350,1,0,2,a
1,2015-06-18,8978,1,1,3,a
1,2015-06-19,7600,1,0,4,a
1,2015-06-20,6083,1,1,5,a
1,2015-06-21,0,0,0,6,a
1,2015-06-22,8696,1,1,0,a
1,2015-06-23,8503,1,1,1,a
1,2015-06-24,6552,1,0,2,a
1,2015-06-25,8298,1,1,3,a
1,2015-06-26,6806,1,0,4,a
1,2015-06-27,4797,1,0,5,a
1,2015-06-28,0,0,0,6,a
1,2015-06-29,8622,1,1,0,a
1,2015-06-30,7119,1,0,1,a
1,2015-07-01,6631,1,0,2,a
1,2015-07-02,8235,1,1,3,a
1,2015-07-03,6341,1,0,4,a
1,2015-07-04,5707,1,1,5,a
1,2015-07-05,0,0,0,6,a
1,2015-07-06,7856,1,1,0,a
1,2015-07-07,8725,1,1,1,a
1,2015-07-08,5909,1,0,2,a
1,2015-07-09,6009,1,0,3,a
1,2015-07-10,7823,1,1,4,a
1,2015-07-11,4938,1,1,5,a
1,2015-07-12,0,0,0,6,a
1,2015-07-13,5816,1,0,0,a
1,2015-07-14,6494,1,0,1,a
1,2015-07-15,6338,1,0,2,a
1,2015-07-16,5913,1,0,3,a
1,2015-07-17,7333,1,1,4,a
1,2015-07-18,5281,1,1,5,a
1,2015-07-19,0,0,1,6,a
1,2015-07-20,7086,1,1,0,a
1,2015-07-21,6680,1,0,1,a
1,2015-07-22,7541,1,1,2,a
1,2015-07-23,6834,1,1,3,a
1,2015-07-24,6613,1,0,4,a
1,2015-07-25,3994,1,0,5,a
1,2015-07-26,5129,1,1,6,a
1,2015-07-27,5889,1,0,0,a
1,2015-07-28,5965,1,0,1,a
1,2015-07-29,6942,1,1,2,a
1,2015-07-30,5740,1,0,3,a
1,2015-07-31,7437,1,1,4,a
2,2013-01-01,8097,1,0,1,b
2,2013-01-02,8923,1,1,2,b
2,2013-01-03,8119,1,0,3,b
2,2013-01-04,7489,1,0,4,b
2,2013-01-05,6203,1,0,5,b
2,2013-01-06,0,0,1,6,b
2,2013-01-07,8432,1,0,0,b
2,2013-01-08,10308,1,1,1,b
2,2013-01-09,8201,1,0,2,b
2,2013-01-10,8482,1,0,3,b
2,2013-01-11,8230,1,0,4,b
2,2013-01-12,7506,1,1,5,b
2,2013-01-13,0,0,0,6,b
2,2013-01-14,10441,1,1,0,b
2,2013-01-15,9854,1,1,1,b
2,2013-01-16,8995,1,0,2,b
2,2013-01-17,8438,1,0,3,b
2,2013-01-18,10507,1,1,4,b
2,2013-01-19,6330,1,0,5,b
2,2013-01-20,0,0,0,6,b
2,2013-01-21,10622,1,1,0,b
2,2013-01-22,8386,1,0,1,b
2,2013-01-23,8966,1,0,2,b
2,2013-01-24,8475,1,0,3,b
2,2013-01-25,10590,1,1,4,b
2,2013-01-26,6543,1,0,5,b
2,2013-01-27,0,0,0,6,b
2,2013-01-28,9086,1,0,0,b
2,2013-01-29,8622,1,0,1,b
2,2013-01-30,10603,1,1,2,b
2,2013-01-31,8868,1,0,3,b
2,2013-02-01,9126,1,0,4,b
2,2013-02-02,8055,1,1,5,b
2,2013-02-03,8093,1,1,6,b
2,2013-02-04,9002,1,0,0,b
2,2013-02-05,8702,1,0,1,b
2,2013-02-06,9179,1,0,2,b
2,2013-02-07,8779,1,0,3,b
2,2013-02-08,11291,1,1,4,b
2,2013-02-09,7751,1,1,5,b
2,2013-02-10,0,0,0,6,b
2,2013-02-11,9149,1,0,0,b
2,2013-02-12,10184,1,0,1,b
2,2013-02-13,11089,1,1,2,b
2,2013-02-14,9067,1,0,3,b
2,2013-02-15,9244,1,0,4,b
2,2013-02-16,6907,1,0,5,b
2,2013-02-17,0,0,0,6,b
2,2013-02-18,11521,1,1,0,b
2,2013-02-19,12043,1,1,1,b
2,2013-02-20,9313,1,0,2,b
2,2013-02-21,9618,1,0,3,b
2,2013-02-22,9279,1,0,4,b
2,2013-02-23,7686,1,1,5,b
2,2013-02-24,0,0,0,6,b
2,2013-02-25,11838,1,1,0,b
2,2013-02-26,9356,1,0,1,b
2,2013-02-27,9781,1,0,2,b
2,2013-02-28,9866,1,0,3,b
2,2013-03-01,12307,1,1,4,b
2,2013-03-02,8295,1,1,5,b
2,2013-03-03,8152,1,1,6,b
2,2013-03-04,9459,1,0,0,b
2,2013-03-05,9954,1,0,1,b
2,2013-03-06,10142,1,0,2,b
2,2013-03-07,10157,1,0,3,b
2,2013-03-08,9789,1,0,4,b
2,2013-03-09,6798,1,0,5,b
2,2013-03-10,7227,1,0,6,b
2,2013-03-11,9919,1,0,0,b
2,2013-03-12,12007,1,1,1,b
2,2013-03-13,9821,1,0,2,b
2,2013-03-14,12272,1,1,3,b
2,2013-03-15,9984,1,0,4,b
2,2013-03-16,7132,1,0,5,b
2,2013-03-17,0,0,0,6,b
2,2013-03-18,12010,1,1,0,b
2,2013-03-19,12213,1,1,1,b
2,2013-03-20,12747,1,1,2,b
2,2013-03-21,10551,1,0,3,b
2,2013-03-22,12441,1,1,4,b
2,2013-03-23,6999,1,0,5,b
2,2013-03-24,0,0,0,6,b
2,2013-03-25,10307,1,0,0,b
2,2013-03-26,12683,1,1,1,b
2,2013-03-27,9658,1,0,2,b
2,2013-03-28,12276,1,1,3,b
2,2013-03-29,10431,1,0,4,b
2,2013-03-30,7069,1,0,5,b
2,2013-03-31,0,0,1,6,b
2,2013-04-01,9729,1,0,0,b
2,2013-04-02,10388,1,0,1,b
2,2013-04-03,10062,1,0,2,b
2,2013-04-04,10171,1,0,3,b
2,2013-04-05,10050,1,0,4,b
2,2013-04-06,7518,1,0,5,b
2,2013-04-07,8943,1,1,6,b
2,2013-04-08,11683,1,1,0,b
2,2013-04-09,9992,1,0,1,b
2,2013-04-10,12527,1,1,2,b
2,2013-04-11,10445,1,0,3,b
2,2013-04-12,10407,1,0,4,b
2,2013-04-13,8366,1,1,5,b
2,2013-04-14,0,0,1,6,b
2,2013-04-15,11911,1,1,0,b
2,2013-04-16,9944,1,0,1,b
2,2013-04-17,10320,1,0,2,b
2,2013-04-18,12347,1,1,3,b
2,2013-04-19,10692,1,0,4,b
2,2013-04-20,7163,1,0,5,b
2,2013-04-21,0,0,0,6,b
2,2013-04-22,11840,1,1,0,b
2,2013-04-23,11345,1,1,1,b
2,2013-04-24,11792,1,1,2,b
2,2013-04-25,9772,1,0,3,b
2,2013-04-26,9976,1,0,4,b
2,2013-04-27,8615,1,1,5,b
2,2013-04-28,8871,1,1,6,b
2,2013-04-29,12256,1,1,0,b
2,2013-04-30,9841,1,0,1,b
2,2013-05-01,11436,1,1,2,b
2,2013-05-02,11831,1,1,3,b
2,2013-05-03,10097,1,0,4,b
2,2013-05-04,6944,1,0,5,b
2,2013-05-05,7225,1,0,6,b
2,2013-05-06,11492,1,1,0,b
2,2013-05-07,9631,1,0,1,b
2,2013-05-08,11643,1,1,2,b
2,2013-05-09,11378,1,1,3,b
2,2013-05-10,9328,1,0,4,b
2,2013-05-11,6695,1,0,5,b
2,2013-05-12,0,0,0,6,b
2,2013-05-13,9586,1,0,0,b
2,2013-05-14,9304,1,0,1,b
2,2013-05-15,9381,1,0,2,b
2,2013-05-16,11870,1,1,3,b
2,2013-05-17,11381,1,1,4,b
2,2013-05-18,8137,1,1,5,b
2,2013-05-19,0,0,0,6,b
2,2013-05-20,8870,1,0,0,b
2,2013-05-21,9329,1,0,1,b
2,2013-05-22,9111,1,0,2,b
2,2013-05-23,9502,1,0,3,b
2,2013-05-24,9538,1,0,4,b
2,2013-05-25,7944,1,1,5,b
2,2013-05-26,0,0,0,6,b
2,2013-05-27,11002,1,1,0,b
2,2013-05-28,9469,1,0,1,b
2,2013-05-29,10997,1,1,2,b
2,2013-05-30,9479,1,0,3,b
2,2013-05-31,10566,1,1,4,b
2,2013-06-01,6265,1,0,5,b
2,2013-06-02,0,0,1,6,b
2,2013-06-03,10671,1,1,0,b
2,2013-06-04,10886,1,1,1,b
2,2013-06-05,10683,1,1,2,b
2,2013-06-06,9280,1,0,3,b
2,2013-06-07,10716,1,1,4,b
2,2013-06-08,6032,1,0,5,b
2,2013-06-09,0,0,1,6,b
2,2013-06-10,8574,1,0,0,b
2,2013-06-11,8285,1,0,1,b
2,2013-06-12,10720,1,1,2,b
2,2013-06-13,8011,1,0,3,b
2,2013-06-14,8830,1,0,4,b
2,2013-06-15,5666,1,0,5,b
2,2013-06-16,0,0,1,6,b
2,2013-06-17,9879,1,1,0,b
2,2013-06-18,10907,1,1,1,b
2,2013-06-19,8384,1,0,2,b
2,2013-06-20,9534,1,1,3,b
2,2013-06-21,9779,1,1,4,b
2,2013-06-22,5616,1,0,5,b
2,2013-06-23,0,0,0,6,b
2,2013-06-24,8518,1,0,0,b
2,2013-06-25,9140,1,1,1,b
2,2013-06-26,9643,1,1,2,b
2,2013-06-27,8004,1,0,3,b
2,2013-06-28,9375,1,1,4,b
2,2013-06-29,5718,1,0,5,b
2,2013-06-30,0,0,1,6,b
2,2013-07-01,7337,1,0,0,b
2,2013-07-02,9351,1,1,1,b
2,2013-07-03,7722,1,0,2,b
2,2013-07-04,9396,1,1,3,b
2,2013-07-05,8927,1,1,4,b
2,2013-07-06,5344,1,0,5,b
2,2013-07-07,0,0,0,6,b
2,2013-07-08,9408,1,1,0,b
2,2013-07-09,9694,1,1,1,b
2,2013-07-10,7635,1,0,2,b
2,2013-07-11,8481,1,1,3,b
2,2013-07-12,6479,1,0,4,b
2,2013-07-13,4598,1,0,5,b
2,2013-07-14,0,0,1,6,b
2,2013-07-15,7428,1,0,0,b
2,2013-07-16,8642,1,1,1,b
2,2013-07-17,8245,1,1,2,b
2,2013-07-18,7099,1,0,3,b
2,2013-07-19,8582,1,1,4,b
2,2013-07-20,4722,1,0,5,b
2,2013-07-21,0,0,0,6,b
2,2013-07-22,7268,1,0,0,b
2,2013-07-23,8211,1,1,1,b
2,2013-07-24,6675,1,0,2,b
2,2013-07-25,8102,1,1,3,b
2,2013-07-26,6824,1,0,4,b
2,2013-07-27,4457,1,0,5,b
2,2013-07-28,0,0,1,6,b
2,2013-07-29,7017,1,0,0,b
2,2013-07-30,6292,1,0,1,b
2,2013-07-31,8064,1,1,2,b
2,2013-08-01,6660,1,0,3,b
2,2013-08-02,6124,1,0,4,b
2,2013-08-03,4368,1,0,5,b
2,2013-08-04,0,0,0,6,b
2,2013-08-05,7582,1,1,0,b
2,2013-08-06,6372,1,0,1,b
2,2013-08-07,6692,1,0,2,b
2,2013-08-08,6311,1,0,3,b
2,2013-08-09,7309,1,1,4,b
2,2013-08-10,5341,1,1,5,b
2,2013-08-11,0,0,1,6,b
2,2013-08-12,7860,1,1,0,b
2,2013-08-13,6578,1,0,1,b
2,2013-08-14,5892,1,0,2,b
2,2013-08-15,7385,1,1,3,b
2,2013-08-16,6501,1,0,4,b
2,2013-08-17,3865,1,0,5,b
2,2013-08-18,3994,1,0,6,b
2,2013-08-19,7657,1,1,0,b
2,2013-08-20,5744,1,0,1,b
2,2013-08-21,6336,1,0,2,b
2,2013-08-22,5351,1,0,3,b
2,2013-08-23,6692,1,1,4,b
2,2013-08-24,4160,1,0,5,b
2,2013-08-25,0,0,1,6,b
2,2013-08-26,7602,1,1,0,b
2,2013-08-27,6725,1,1,1,b
2,2013-08-28,6028,1,0,2,b
2,2013-08-29,6743,1,1,3,b
2,2013-08-30,5660,1,0,4,b
2,2013-08-31,5110,1,1,5,b
2,2013-09-01,0,0,0,6,b
2,2013-09-02,7194,1,1,0,b
2,2013-09-03,5400,1,0,1,b
2,2013-09-04,5694,1,0,2,b
2,2013-09-05,5764,1,0,3,b
2,2013-09-06,6160,1,0,4,b
2,2013-09-07,4659,1,1,5,b
2,2013-09-08,5284,1,1,6,b
2,2013-09-09,5573,1,0,0,b
2,2013-09-10,6045,1,0,1,b
2,2013-09-11,5316,1,0,2,b
2,2013-09-12,6532,1,1,3,b
2,2013-09-13,5750,1,0,4,b
2,2013-09-14,4447,1,1,5,b
2,2013-09-15,3539,1,0,6,b
2,2013-09-16,5588,1,0,0,b
2,2013-09-17,5314,1,0,1,b
2,2013-09-18,6760,1,1,2,b
2,2013-09-19,6551,1,1,3,b
2,2013-09-20,5573,1,0,4,b
2,2013-09-21,3551,1,0,5,b
2,2013-09-22,0,0,1,6,b
2,2013-09-23,5757,1,0,0,b
2,2013-09-24,5431,1,0,1,b
2,2013-09-25,5629,1,0,2,b
2,2013-09-26,5658,1,0,3,b
2,2013-09-27,6921,1,1,4,b
2,2013-09-28,3762,1,0,5,b
2,2013-09-29,0,0,0,6,b
2,2013-09-30,5720,1,0,0,b
2,2013-10-01,5213,1,0,1,b
2,2013-10-02,5135,1,0,2,b
2,2013-10-03,6688,1,1,3,b
2,2013-10-04,6698,1,1,4,b
2,2013-10-05,3354,1,0,5,b
2,2013-10-06,0,0,0,6,b
2,2013-10-07,5484,1,0,0,b
2,2013-10-08,5615,1,0,1,b
2,2013-10-09,6871,1,1,2,b
2,2013-10-10,6588,1,1,3,b
2,2013-10-11,5993,1,0,4,b
2,2013-10-12,4305,1,1,5,b
2,2013-10-13,4701,1,1,6,b
2,2013-10-14,5390,1,0,0,b
2,2013-10-15,6580,1,1,1,b
2,2013-10-16,6648,1,1,2,b
2,2013-10-17,5225,1,0,3,b
2,2013-10-18,5829,1,0,4,b
2,2013-10-19,4024,1,0,5,b
2,2013-10-20,0,0,1,6,b
2,2013-10-21,5545,1,0,0,b
2,2013-10-22,7092,1,1,1,b
2,2013-10-23,5473,1,0,2,b
2,2013-10-24,5576,1,0,3,b
2,2013-10-25,5524,1,0,4,b
2,2013-10-26,4918,1,1,5,b
2,2013-10-27,0,0,0,6,b
2,2013-10-28,5405,1,0,0,b
2,2013-10-29,7119,1,1,1,b
2,2013-10-30,5518,1,0,2,b
2,2013-10-31,5818,1,0,3,b
2,2013-11-01,5694,1,0,4,b
2,2013-11-02,5084,1,1,5,b
2,2013-11-03,0,0,0,6,b
2,2013-11-04,6145,1,0,0,b
2,2013-11-05,7223,1,1,1,b
2,2013-11-06,7219,1,1,2,b
2,2013-11-07,6087,1,0,3,b
2,2013-11-08,5596,1,0,4,b
2,2013-11-09,4833,1,1,5,b
2,2013-11-10,0,0,0,6,b
2,2013-11-11,6069,1,0,0,b
2,2013-11-12,6192,1,0,1,b
2,2013-11-13,7776,1,1,2,b
2,2013-11-14,7082,1,1,3,b
2,2013-11-15,7372,1,1,4,b
2,2013-11-16,5463,1,1,5,b
2,2013-11-17,0,0,0,6,b
2,2013-11-18,5911,1,0,0,b
2,2013-11-19,6583,1,0,1,b
2,2013-11-20,5940,1,0,2,b
2,2013-11-21,6170,1,0,3,b
2,2013-11-22,6591,1,0,4,b
2,2013-11-23,3657,1,0,5,b
2,2013-11-24,0,0,0,6,b
2,2013-11-25,6899,1,0,0,b
2,2013-11-26,7580,1,1,1,b
2,2013-11-27,8311,1,1,2,b
2,2013-11-28,7374,1,1,3,b
2,2013-11-29,6311,1,0,4,b
2,2013-11-30,5457,1,1,5,b
2,2013-12-01,0,0,1,6,b
2,2013-12-02,8427,1,1,0,b
2,2013-12-03,6563,1,0,1,b
2,2013-12-04,7215,1,0,2,b
2,2013-12-05,6312,1,0,3,b
2,2013-12-06,8115,1,1,4,b
2,2013-12-07,4779,1,0,5,b
2,2013-12-08,4709,1,0,6,b
2,2013-12-09,8481,1,1,0,b
2,2013-12-10,6862,1,0,1,b
2,2013-12-11,7184,1,0,2,b
2,2013-12-12,7131,1,0,3,b
2,2013-12-13,8706,1,1,4,b
2,2013-12-14,6327,1,1,5,b
2,2013-12-15,0,0,1,6,b
2,2013-12-16,7519,1,0,0,b
2,2013-12-17,7447,1,0,1,b
2,2013-12-18,7113,1,0,2,b
2,2013-12-19,8735,1,1,3,b
2,2013-12-20,7953,1,0,4,b
2,2013-12-21,6510,1,1,5,b
2,2013-12-22,4912,1,0,6,b
2,2013-12-23,7853,1,0,0,b
2,2013-12-24,7640,1,0,1,b
2,2013-12-25,9609,1,1,2,b
2,2013-12-26,8174,1,0,3,b
2,2013-12-27,7469,1,0,4,b
2,2013-12-28,5369,1,0,5,b
2,2013-12-29,0,0,0,6,b
2,2013-12-30,7933,1,0,0,b
2,2013-12-31,9599,1,1,1,b
2,2014-01-01,9524,1,1,2,b
2,2014-01-02,7774,1,0,3,b
2,2014-01-03,9389,1,1,4,b
2,2014-01-04,6969,1,1,5,b
2,2014-01-05,0,0,1,6,b
2,2014-01-06,7540,1,0,0,b
2,2014-01-07,9916,1,1,1,b
2,2014-01-08,8039,1,0,2,b
2,2014-01-09,9446,1,1,3,b
2,2014-01-10,9891,1,1,4,b
2,2014-01-11,5872,1,0,5,b
2,2014-01-12,0,0,0,6,b
2,2014-01-13,9628,1,1,0,b
2,2014-01-14,10418,1,1,1,b
2,2014-01-15,9473,1,1,2,b
2,2014-01-16,8096,1,0,3,b
2,2014-01-17,8598,1,0,4,b
2,2014-01-18,5278,1,0,5,b
2,2014-01-19,0,0,0,6,b
2,2014-01-20,8330,1,0,0,b
2,2014-01-21,10135,1,1,1,b
2,2014-01-22,10171,1,1,2,b
2,2014-01-23,8773,1,0,3,b
2,2014-01-24,8916,1,0,4,b
2,2014-01-25,6953,1,1,5,b
2,2014-01-26,0,0,1,6,b
2,2014-01-27,9010,1,0,0,b
2,2014-01-28,10594,1,1,1,b
2,2014-01-29,11024,1,1,2,b
2,2014-01-30,10971,1,1,3,b
2,2014-01-31,8717,1,0,4,b
2,2014-02-01,6901,1,0,5,b
2,2014-02-02,0,0,0,6,b
2,2014-02-03,9532,1,0,0,b
2,2014-02-04,9963,1,0,1,b
2,2014-02-05,11285,1,1,2,b
2,2014-02-06,9157,1,0,3,b
2,2014-02-07,9668,1,0,4,b
2,2014-02-08,6261,1,0,5,b
2,2014-02-09,0,0,0,6,b
2,2014-02-10,9489,1,0,0,b
2,2014-02-11,11044,1,1,1,b
2,2014-02-12,9540,1,0,2,b
2,2014-02-13,11300,1,1,3,b
2,2014-02-14,11426,1,1,4,b
2,2014-02-15,6333,1,0,5,b
2,2014-02-16,0,0,1,6,b
2,2014-02-17,11573,1,1,0,b
2,2014-02-18,11506,1,1,1,b
2,2014-02-19,9505,1,0,2,b
2,2014-02-20,10669,1,1,3,b
2,2014-02-21,11551,1,1,4,b
2,2014-02-22,8587,1,1,5,b
2,2014-02-23,0,0,1,6,b
2,2014-02-24,9668,1,0,0,b
2,2014-02-25,9781,1,0,1,b
2,2014-02-26,11957,1,1,2,b
2,2014-02-27,12004,1,1,3,b
2,2014-02-28,11594,1,1,4,b
2,2014-03-01,7011,1,0,5,b
2,2014-03-02,0,0,0,6,b
2,2014-03-03,9871,1,0,0,b
2,2014-03-04,11588,1,1,1,b
2,2014-03-05,12085,1,1,2,b
2,2014-03-06,11600,1,1,3,b
2,2014-03-07,10503,1,0,4,b
2,2014-03-08,7154,1,0,5,b
2,2014-03-09,0,0,1,6,b
2,2014-03-10,9973,1,0,0,b
2,2014-03-11,9590,1,0,1,b
2,2014-03-12,11439,1,1,2,b
2,2014-03-13,12115,1,1,3,b
2,2014-03-14,12046,1,1,4,b
2,2014-03-15,7028,1,0,5,b
2,2014-03-16,9047,1,1,6,b
2,2014-03-17,9588,1,0,0,b
2,2014-03-18,12241,1,1,1,b
2,2014-03-19,11992,1,1,2,b
2,2014-03-20,10431,1,0,3,b
2,2014-03-21,11681,1,1,4,b
2,2014-03-22,6841,1,0,5,b
2,2014-03-23,7145,1,0,6,b
2,2014-03-24,9480,1,0,0,b
2,2014-03-25,10090,1,0,1,b
2,2014-03-26,11911,1,1,2,b
2,2014-03-27,9823,1,0,3,b
2,2014-03-28,11859,1,1,4,b
2,2014-03-29,6845,1,0,5,b
2,2014-03-30,8904,1,1,6,b
2,2014-03-31,10033,1,0,0,b
2,2014-04-01,12257,1,1,1,b
2,2014-04-02,10380,1,0,2,b
2,2014-04-03,9508,1,0,3,b
2,2014-04-04,12713,1,1,4,b
2,2014-04-05,7240,1,0,5,b
2,2014-04-06,7288,1,0,6,b
2,2014-04-07,10412,1,0,0,b
2,2014-04-08,12157,1,1,1,b
2,2014-04-09,11909,1,1,2,b
2,2014-04-10,12236,1,1,3,b
2,2014-04-11,9895,1,0,4,b
2,2014-04-12,8581,1,1,5,b
2,2014-04-13,0,0,1,6,b
2,2014-04-14,10105,1,0,0,b
2,2014-04-15,10230,1,0,1,b
2,2014-04-16,9962,1,0,2,b
2,2014-04-17,10557,1,0,3,b
2,2014-04-18,10300,1,0,4,b
2,2014-04-19,8317,1,1,5,b
2,2014-04-20,0,0,1,6,b
2,2014-04-21,10011,1,0,0,b
2,2014-04-22,10259,1,0,1,b
2,2014-04-23,12041,1,1,2,b
2,2014-04-24,11919,1,1,3,b
2,2014-04-25,9916,1,0,4,b
2,2014-04-26,8321,1,1,5,b
2,2014-04-27,0,0,0,6,b
2,2014-04-28,12404,1,1,0,b
2,2014-04-29,10048,1,0,1,b
2,2014-04-30,11689,1,1,2,b
2,2014-05-01,11544,1,1,3,b
2,2014-05-02,9472,1,0,4,b
2,2014-05-03,7166,1,0,5,b
2,2014-05-04,6403,1,0,6,b
2,2014-05-05,9712,1,0,0,b
2,2014-05-06,9519,1,0,1,b
2,2014-05-07,9951,1,0,2,b
2,2014-05-08,9586,1,0,3,b
2,2014-05-09,9814,1,0,4,b
2,2014-05-10,6706,1,0,5,b
2,2014-05-11,0,0,0,6,b
2,2014-05-12,9656,1,0,0,b
2,2014-05-13,11976,1,1,1,b
2,2014-05-14,9383,1,0,2,b
2,2014-05-15,8566,1,0,3,b
2,2014-05-16,11162,1,1,4,b
2,2014-05-17,6439,1,0,5,b
2,2014-05-18,0,0,1,6,b
2,2014-05-19,11284,1,1,0,b
2,2014-05-20,9504,1,0,1,b
2,2014-05-21,11375,1,1,2,b
2,2014-05-22,10844,1,1,3,b
2,2014-05-23,9075,1,0,4,b
2,2014-05-24,6725,1,0,5,b
2,2014-05-25,0,0,1,6,b
2,2014-05-26,8863,1,0,0,b
2,2014-05-27,9878,1,0,1,b
2,2014-05-28,9776,1,0,2,b
2,2014-05-29,9297,1,0,3,b
2,2014-05-30,10913,1,1,4,b
2,2014-05-31,7470,1,1,5,b
2,2014-06-01,0,0,0,6,b
2,2014-06-02,11229,1,1,0,b
2,2014-06-03,9061,1,0,1,b
2,2014-06-04,8624,1,0,2,b
2,2014-06-05,11129,1,1,3,b
2,2014-06-06,8643,1,0,4,b
2,2014-06-07,6438,1,0,5,b
2,2014-06-08,0,0,0,6,b
2,2014-06-09,8003,1,0,0,b
2,2014-06-10,8292,1,0,1,b
2,2014-06-11,9033,1,0,2,b
2,2014-06-12,8497,1,0,3,b
2,2014-06-13,8806,1,0,4,b
2,2014-06-14,6352,1,0,5,b
2,2014-06-15,0,0,0,6,b
2,2014-06-16,8798,1,0,0,b
2,2014-06-17,8046,1,0,1,b
2,2014-06-18,9644,1,1,2,b
2,2014-06-19,8648,1,0,3,b
2,2014-06-20,9724,1,1,4,b
2,2014-06-21,6950,1,1,5,b
2,2014-06-22,0,0,1,6,b
2,2014-06-23,9904,1,1,0,b
2,2014-06-24,8544,1,0,1,b
2,2014-06-25,9611,1,1,2,b
2,2014-06-26,9777,1,1,3,b
2,2014-06-27,9864,1,1,4,b
2,2014-06-28,5116,1,0,5,b
2,2014-06-29,5866,1,0,6,b
2,2014-06-30,8349,1,0,0,b
2,2014-07-01,8075,1,0,1,b
2,2014-07-02,9146,1,1,2,b
2,2014-07-03,7769,1,0,3,b
2,2014-07-04,9164,1,1,4,b
2,2014-07-05,4955,1,0,5,b
2,2014-07-06,0,0,0,6,b
2,2014-07-07,7106,1,0,0,b
2,2014-07-08,8955,1,1,1,b
2,2014-07-09,8928,1,1,2,b
2,2014-07-10,8000,1,0,3,b
2,2014-07-11,9554,1,1,4,b
2,2014-07-12,5254,1,0,5,b
2,2014-07-13,0,0,1,6,b
2,2014-07-14,7194,1,0,0,b
2,2014-07-15,7158,1,0,1,b
2,2014-07-16,8686,1,1,2,b
2,2014-07-17,7240,1,0,3,b
2,2014-07-18,7056,1,0,4,b
2,2014-07-19,4850,1,0,5,b
2,2014-07-20,0,0,0,6,b
2,2014-07-21,8669,1,1,0,b
2,2014-07-22,6712,1,0,1,b
2,2014-07-23,6891,1,0,2,b
2,2014-07-24,7883,1,1,3,b
2,2014-07-25,6711,1,0,4,b
2,2014-07-26,5351,1,0,5,b
2,2014-07-27,4638,1,0,6,b
2,2014-07-28,7843,1,1,0,b
2,2014-07-29,6958,1,0,1,b
2,2014-07-30,6921,1,0,2,b
2,2014-07-31,6879,1,0,3,b
2,2014-08-01,7960,1,1,4,b
2,2014-08-02,4565,1,0,5,b
2,2014-08-03,4349,1,0,6,b
2,2014-08-04,6831,1,0,0,b
2,2014-08-05,6064,1,0,1,b
2,2014-08-06,6461,1,0,2,b
2,2014-08-07,7375,1,1,3,b
2,2014-08-08,7666,1,1,4,b
2,2014-08-09,4544,1,0,5,b
2,2014-08-10,4807,1,0,6,b
2,2014-08-11,6511,1,0,0,b
2,2014-08-12,7318,1,1,1,b
2,2014-08-13,6185,1,0,2,b
2,2014-08-14,6388,1,0,3,b
2,2014-08-15,7051,1,1,4,b
2,2014-08-16,5076,1,1,5,b
2,2014-08-17,5091,1,1,6,b
2,2014-08-18,5759,1,0,0,b
2,2014-08-19,7256,1,1,1,b
2,2014-08-20,6153,1,0,2,b
2,2014-08-21,6423,1,0,3,b
2,2014-08-22,6177,1,0,4,b
2,2014-08-23,5310,1,1,5,b
2,2014-08-24,0,0,1,6,b
2,2014-08-25,6380,1,0,0,b
2,2014-08-26,6953,1,1,1,b
2,2014-08-27,5200,1,0,2,b
2,2014-08-28,5742,1,0,3,b
2,2014-08-29,5788,1,0,4,b
2,2014-08-30,4030,1,0,5,b
2,2014-08-31,0,0,0,6,b
2,2014-09-01,5905,1,0,0,b
2,2014-09-02,5549,1,0,1,b
2,2014-09-03,5368,1,0,2,b
2,2014-09-04,5823,1,0,3,b
2,2014-09-05,6215,1,0,4,b
2,2014-09-06,4558,1,1,5,b
2,2014-09-07,0,0,0,6,b
2,2014-09-08,5306,1,0,0,b
2,2014-09-09,5802,1,0,1,b
2,2014-09-10,5317,1,0,2,b
2,2014-09-11,5652,1,0,3,b
2,2014-09-12,6919,1,1,4,b
2,2014-09-13,4152,1,0,5,b
2,2014-09-14,0,0,0,6,b
2,2014-09-15,6531,1,1,0,b
2,2014-09-16,6951,1,1,1,b
2,2014-09-17,6692,1,1,2,b
2,2014-09-18,5788,1,0,3,b
2,2014-09-19,6128,1,0,4,b
2,2014-09-20,4728,1,1,5,b
2,2014-09-21,0,0,0,6,b
2,2014-09-22,5406,1,0,0,b
2,2014-09-23,5069,1,0,1,b
2,2014-09-24,6634,1,1,2,b
2,2014-09-25,5201,1,0,3,b
2,2014-09-26,6657,1,1,4,b
2,2014-09-27,3799,1,0,5,b
2,2014-09-28,0,0,1,6,b
2,2014-09-29,6382,1,1,0,b
2,2014-09-30,6788,1,1,1,b
2,2014-10-01,5391,1,0,2,b
2,2014-10-02,7051,1,1,3,b
2,2014-10-03,5593,1,0,4,b
2,2014-10-04,3699,1,0,5,b
2,2014-10-05,0,0,0,6,b
2,2014-10-06,7161,1,1,0,b
2,2014-10-07,6431,1,1,1,b
2,2014-10-08,6412,1,1,2,b
2,2014-10-09,4851,1,0,3,b
2,2014-10-10,5191,1,0,4,b
2,2014-10-11,5217,1,1,5,b
2,2014-10-12,0,0,0,6,b
2,2014-10-13,6071,1,0,0,b
2,2014-10-14,6352,1,1,1,b
2,2014-10-15,5891,1,1,2,b
2,2014-10-16,5780,1,0,3,b
2,2014-10-17,5644,1,0,4,b
2,2014-10-18,4340,1,1,5,b
2,2014-10-19,0,0,1,6,b
2,2014-10-20,6601,1,1,0,b
2,2014-10-21,6276,1,1,1,b
2,2014-10-22,5725,1,0,2,b
2,2014-10-23,6771,1,1,3,b
2,2014-10-24,5212,1,0,4,b
2,2014-10-25,3770,1,0,5,b
2,2014-10-26,3979,1,0,6,b
2,2014-10-27,5704,1,0,0,b
2,2014-10-28,5996,1,0,1,b
2,2014-10-29,5671,1,0,2,b
2,2014-10-30,6756,1,1,3,b
2,2014-10-31,7416,1,1,4,b
2,2014-11-01,4137,1,0,5,b
2,2014-11-02,3871,1,0,6,b
2,2014-11-03,6801,1,1,0,b
2,2014-11-04,6805,1,1,1,b
2,2014-11-05,6715,1,1,2,b
2,2014-11-06,5893,1,0,3,b
2,2014-11-07,7833,1,1,4,b
2,2014-11-08,5100,1,1,5,b
2,2014-11-09,0,0,1,6,b
2,2014-11-10,5903,1,0,0,b
2,2014-11-11,5988,1,0,1,b
2,2014-11-12,7780,1,1,2,b
2,2014-11-13,6369,1,0,3,b
2,2014-11-14,6205,1,0,4,b
2,2014-11-15,4219,1,0,5,b
2,2014-11-16,0,0,0,6,b
2,2014-11-17,5951,1,0,0,b
2,2014-11-18,5745,1,0,1,b
2,2014-11-19,7787,1,1,2,b
2,2014-11-20,6649,1,0,3,b
2,2014-11-21,7226,1,1,4,b
2,2014-11-22,3903,1,0,5,b
2,2014-11-23,0,0,1,6,b
2,2014-11-24,7181,1,1,0,b
2,2014-11-25,7661,1,1,1,b
2,2014-11-26,6480,1,0,2,b
2,2014-11-27,6863,1,0,3,b
2,2014-11-28,6461,1,0,4,b
2,2014-11-29,4391,1,0,5,b
2,2014-11-30,0,0,1,6,b
2,2014-12-01,6990,1,0,0,b
2,2014-12-02,6618,1,0,1,b
2,2014-12-03,7899,1,1,2,b
2,2014-12-04,7931,1,1,3,b
2,2014-12-05,6403,1,0,4,b
2,2014-12-06,5832,1,1,5,b
2,2014-12-07,4549,1,0,6,b
2,2014-12-08,7475,1,0,0,b
2,2014-12-09,6920,1,0,1,b
2,2014-12-10,7029,1,0,2,b
2,2014-12-11,6669,1,0,3,b
2,2014-12-12,8088,1,1,4,b
2,2014-12-13,6013,1,1,5,b
2,2014-12-14,0,0,0,6,b
2,2014-12-15,7141,1,0,0,b
2,2014-12-16,9802,1,1,1,b
2,2014-12-17,7951,1,0,2,b
2,2014-12-18,8797,1,1,3,b
2,2014-12-19,7857,1,0,4,b
2,2014-12-20,4578,1,0,5,b
2,2014-12-21,0,0,0,6,b
2,2014-12-22,7310,1,0,0,b
2,2014-12-23,7498,1,0,1,b
2,2014-12-24,7487,1,0,2,b
2,2014-12-25,7392,1,0,3,b
2,2014-12-26,7328,1,0,4,b
2,2014-12-27,5286,1,0,5,b
2,2014-12-28,5330,1,0,6,b
2,2014-12-29,7864,1,0,0,b
2,2014-12-30,7663,1,0,1,b
2,2014-12-31,7544,1,0,2,b
2,2015-01-01,7904,1,0,3,b
2,2015-01-02,9183,1,1,4,b
2,2015-01-03,6497,1,1,5,b
2,2015-01-04,6524,1,1,6,b
2,2015-01-05,9493,1,1,0,b
2,2015-01-06,9821,1,1,1,b
2,2015-01-07,9735,1,1,2,b
2,2015-01-08,9270,1,1,3,b
2,2015-01-09,10031,1,1,4,b
2,2015-01-10,6335,1,0,5,b
2,2015-01-11,0,0,1,6,b
2,2015-01-12,9681,1,1,0,b
2,2015-01-13,8037,1,0,1,b
2,2015-01-14,8170,1,0,2,b
2,2015-01-15,9621,1,1,3,b
2,2015-01-16,8465,1,0,4,b
2,2015-01-17,5711,1,0,5,b
2,2015-01-18,0,0,0,6,b
2,2015-01-19,8465,1,0,0,b
2,2015-01-20,10482,1,1,1,b
2,2015-01-21,8820,1,0,2,b
2,2015-01-22,8567,1,0,3,b
2,2015-01-23,8637,1,0,4,b
2,2015-01-24,7393,1,1,5,b
2,2015-01-25,0,0,1,6,b
2,2015-01-26,10500,1,1,0,b
2,2015-01-27,8759,1,0,1,b
2,2015-01-28,9550,1,0,2,b
2,2015-01-29,11200,1,1,3,b
2,2015-01-30,11024,1,1,4,b
2,2015-01-31,6151,1,0,5,b
2,2015-02-01,0,0,0,6,b
2,2015-02-02,9006,1,0,0,b
2,2015-02-03,8694,1,0,1,b
2,2015-02-04,9249,1,0,2,b
2,2015-02-05,10715,1,1,3,b
2,2015-02-06,11081,1,1,4,b
2,2015-02-07,6438,1,0,5,b
2,2015-02-08,0,0,0,6,b
2,2015-02-09,8876,1,0,0,b
2,2015-02-10,10929,1,1,1,b
2,2015-02-11,9320,1,0,2,b
2,2015-02-12,9126,1,0,3,b
2,2015-02-13,11393,1,1,4,b
2,2015-02-14,7936,1,1,5,b
2,2015-02-15,0,0,1,6,b
2,2015-02-16,9598,1,0,0,b
2,2015-02-17,11626,1,1,1,b
2,2015-02-18,11214,1,1,2,b
2,2015-02-19,10505,1,0,3,b
2,2015-02-20,11302,1,1,4,b
2,2015-02-21,6687,1,0,5,b
2,2015-02-22,0,0,1,6,b
2,2015-02-23,9729,1,0,0,b
2,2015-02-24,11353,1,1,1,b
2,2015-02-25,11458,1,1,2,b
2,2015-02-26,12093,1,1,3,b
2,2015-02-27,9357,1,0,4,b
2,2015-02-28,8134,1,1,5,b
2,2015-03-01,8480,1,1,6,b
2,2015-03-02,9918,1,0,0,b
2,2015-03-03,10203,1,0,1,b
2,2015-03-04,10056,1,0,2,b
2,2015-03-05,10151,1,0,3,b
2,2015-03-06,9860,1,0,4,b
2,2015-03-07,7059,1,0,5,b
2,2015-03-08,0,0,1,6,b
2,2015-03-09,10116,1,0,0,b
2,2015-03-10,11989,1,1,1,b
2,2015-03-11,9473,1,0,2,b
2,2015-03-12,9816,1,0,3,b
2,2015-03-13,11858,1,1,4,b
2,2015-03-14,7193,1,0,5,b
2,2015-03-15,0,0,0,6,b
2,2015-03-16,12235,1,1,0,b
2,2015-03-17,11590,1,1,1,b
2,2015-03-18,11927,1,1,2,b
2,2015-03-19,11860,1,1,3,b
2,2015-03-20,12634,1,1,4,b
2,2015-03-21,6974,1,0,5,b
2,2015-03-22,0,0,0,6,b
2,2015-03-23,12206,1,1,0,b
2,2015-03-24,10262,1,0,1,b
2,2015-03-25,10305,1,0,2,b
2,2015-03-26,10185,1,0,3,b
2,2015-03-27,10703,1,0,4,b
2,2015-03-28,6553,1,0,5,b
2,2015-03-29,0,0,0,6,b
2,2015-03-30,9907,1,0,0,b
2,2015-03-31,12401,1,1,1,b
2,2015-04-01,12591,1,1,2,b
2,2015-04-02,10087,1,0,3,b
2,2015-04-03,12199,1,1,4,b
2,2015-04-04,7278,1,0,5,b
2,2015-04-05,7099,1,0,6,b
2,2015-04-06,9540,1,0,0,b
2,2015-04-07,10274,1,0,1,b
2,2015-04-08,10183,1,0,2,b
2,2015-04-09,10482,1,0,3,b
2,2015-04-10,12457,1,1,4,b
2,2015-04-11,7015,1,0,5,b
2,2015-04-12,0,0,0,6,b
2,2015-04-13,11859,1,1,0,b
2,2015-04-14,12093,1,1,1,b
2,2015-04-15,12328,1,1,2,b
2,2015-04-16,9488,1,0,3,b
2,2015-04-17,12158,1,1,4,b
2,2015-04-18,8386,1,1,5,b
2,2015-04-19,0,0,0,6,b
2,2015-04-20,9896,1,0,0,b
2,2015-04-21,11972,1,1,1,b
2,2015-04-22,12145,1,1,2,b
2,2015-04-23,10314,1,0,3,b
2,2015-04-24,12152,1,1,4,b
2,2015-04-25,8726,1,1,5,b
2,2015-04-26,8519,1,1,6,b
2,2015-04-27,9905,1,0,0,b
2,2015-04-28,10641,1,0,1,b
2,2015-04-29,9926,1,0,2,b
2,2015-04-30,11639,1,1,3,b
2,2015-05-01,10189,1,0,4,b
2,2015-05-02,6452,1,0,5,b
2,2015-05-03,0,0,0,6,b
2,2015-05-04,9704,1,0,0,b
2,2015-05-05,9758,1,0,1,b
2,2015-05-06,11459,1,1,2,b
2,2015-05-07,9457,1,0,3,b
2,2015-05-08,12195,1,1,4,b
2,2015-05-09,6527,1,0,5,b
2,2015-05-10,0,0,0,6,b
2,2015-05-11,11587,1,1,0,b
2,2015-05-12,9274,1,0,1,b
2,2015-05-13,9369,1,0,2,b
2,2015-05-14,9602,1,0,3,b
2,2015-05-15,9494,1,0,4,b
2,2015-05-16,8345,1,1,5,b
2,2015-05-17,0,0,1,6,b
2,2015-05-18,9746,1,0,0,b
2,2015-05-19,9165,1,0,1,b
2,2015-05-20,9410,1,0,2,b
2,2015-05-21,9198,1,0,3,b
2,2015-05-22,11566,1,1,4,b
2,2015-05-23,6549,1,0,5,b
2,2015-05-24,0,0,0,6,b
2,2015-05-25,9456,1,0,0,b
2,2015-05-26,9572,1,0,1,b
2,2015-05-27,9096,1,0,2,b
2,2015-05-28,11234,1,1,3,b
2,2015-05-29,9097,1,0,4,b
2,2015-05-30,7945,1,1,5,b
2,2015-05-31,0,0,0,6,b
2,2015-06-01,9318,1,0,0,b
2,2015-06-02,9324,1,0,1,b
2,2015-06-03,8822,1,0,2,b
2,2015-06-04,10412,1,1,3,b
2,2015-06-05,9393,1,0,4,b
2,2015-06-06,5657,1,0,5,b
2,2015-06-07,7861,1,1,6,b
2,2015-06-08,8453,1,0,0,b
2,2015-06-09,9258,1,0,1,b
2,2015-06-10,10130,1,1,2,b
2,2015-06-11,10334,1,1,3,b
2,2015-06-12,8809,1,0,4,b
2,2015-06-13,7183,1,1,5,b
2,2015-06-14,0,0,1,6,b
2,2015-06-15,8248,1,0,0,b
2,2015-06-16,7743,1,0,1,b
2,2015-06-17,10295,1,1,2,b
2,2015-06-18,10036,1,1,3,b
2,2015-06-19,8911,1,0,4,b
2,2015-06-20,4892,1,0,5,b
2,2015-06-21,0,0,0,6,b
2,2015-06-22,8200,1,0,0,b
2,2015-06-23,9607,1,1,1,b
2,2015-06-24,8130,1,0,2,b
2,2015-06-25,8014,1,0,3,b
2,2015-06-26,7724,1,0,4,b
2,2015-06-27,5559,1,0,5,b
2,2015-06-28,0,0,1,6,b
2,2015-06-29,7851,1,0,0,b
2,2015-06-30,7828,1,0,1,b
2,2015-07-01,9357,1,1,2,b
2,2015-07-02,7744,1,0,3,b
2,2015-07-03,7409,1,0,4,b
2,2015-07-04,6795,1,1,5,b
2,2015-07-05,5362,1,0,6,b
2,2015-07-06,7569,1,0,0,b
2,2015-07-07,7756,1,0,1,b
2,2015-07-08,7294,1,0,2,b
2,2015-07-09,9226,1,1,3,b
2,2015-07-10,8675,1,1,4,b
2,2015-07-11,4938,1,0,5,b
2,2015-07-12,0,0,1,6,b
2,2015-07-13,9220,1,1,0,b
2,2015-07-14,6955,1,0,1,b
2,2015-07-15,9085,1,1,2,b
2,2015-07-16,8786,1,1,3,b
2,2015-07-17,9072,1,1,4,b
2,2015-07-18,4756,1,0,5,b
2,2015-07-19,0,0,0,6,b
2,2015-07-20,8102,1,1,0,b
2,2015-07-21,7198,1,0,1,b
2,2015-07-22,8595,1,1,2,b
2,2015-07-23,8116,1,1,3,b
2,2015-07-24,6815,1,0,4,b
2,2015-07-25,4976,1,0,5,b
2,2015-07-26,0,0,1,6,b
2,2015-07-27,7013,1,0,0,b
2,2015-07-28,6874,1,0,1,b
2,2015-07-29,8730,1,1,2,b
2,2015-07-30,8299,1,1,3,b
2,2015-07-31,6870,1,0,4,b
3,2013-01-01,4927,1,0,1,b
3,2013-01-02,6463,1,1,2,b
3,2013-01-03,4761,1,0,3,b
3,2013-01-04,4848,1,0,4,b
3,2013-01-05,4300,1,1,5,b
3,2013-01-06,0,0,0,6,b
3,2013-01-07,6073,1,1,0,b
3,2013-01-08,6648,1,1,1,b
3,2013-01-09,6460,1,1,2,b
3,2013-01-10,5160,1,0,3,b
3,2013-01-11,5922,1,1,4,b
3,2013-01-12,4578,1,1,5,b
3,2013-01-13,3840,1,0,6,b
3,2013-01-14,5037,1,0,0,b
3,2013-01-15,6102,1,1,1,b
3,2013-01-16,6531,1,1,2,b
3,2013-01-17,5153,1,0,3,b
3,2013-01-18,5215,1,0,4,b
3,2013-01-19,3588,1,0,5,b
3,2013-01-20,0,0,0,6,b
3,2013-01-21,5108,1,0,0,b
3,2013-01-22,5888,1,0,1,b
3,2013-01-23,5195,1,0,2,b
3,2013-01-24,5975,1,0,3,b
3,2013-01-25,5809,1,0,4,b
3,2013-01-26,4128,1,0,5,b
3,2013-01-27,0,0,1,6,b
3,2013-01-28,5530,1,0,0,b
3,2013-01-29,5973,1,0,1,b
3,2013-01-30,5037,1,0,2,b
3,2013-01-31,6519,1,1,3,b
3,2013-02-01,5364,1,0,4,b
3,2013-02-02,4038,1,0,5,b
3,2013-02-03,0,0,0,6,b
3,2013-02-04,5657,1,0,0,b
3,2013-02-05,7043,1,1,1,b
3,2013-02-06,6451,1,1,2,b
3,2013-02-07,5921,1,0,3,b
3,2013-02-08,6668,1,1,4,b
3,2013-02-09,4576,1,1,5,b
3,2013-02-10,0,0,1,6,b
3,2013-02-11,6963,1,1,0,b
3,2013-02-12,6837,1,1,1,b
3,2013-02-13,7146,1,1,2,b
3,2013-02-14,5963,1,0,3,b
3,2013-02-15,6934,1,1,4,b
3,2013-02-16,4264,1,0,5,b
3,2013-02-17,0,0,0,6,b
3,2013-02-18,7438,1,1,0,b
3,2013-02-19,6268,1,0,1,b
3,2013-02-20,6835,1,1,2,b
3,2013-02-21,5979,1,0,3,b
3,2013-02-22,5715,1,0,4,b
3,2013-02-23,4458,1,0,5,b
3,2013-02-24,0,0,0,6,b
3,2013-02-25,6553,1,1,0,b
3,2013-02-26,7287,1,1,1,b
3,2013-02-27,7314,1,1,2,b
3,2013-02-28,7245,1,1,3,b
3,2013-03-01,6017,1,0,4,b
3,2013-03-02,4746,1,0,5,b
3,2013-03-03,4177,1,0,6,b
3,2013-03-04,6327,1,0,0,b
3,2013-03-05,7596,1,1,1,b
3,2013-03-06,7065,1,1,2,b
3,2013-03-07,6638,1,1,3,b
3,2013-03-08,5908,1,0,4,b
3,2013-03-09,4620,1,0,5,b
3,2013-03-10,0,0,0,6,b
3,2013-03-11,7422,1,1,0,b
3,2013-03-12,6390,1,0,1,b
3,2013-03-13,7600,1,1,2,b
3,2013-03-14,6538,1,0,3,b
3,2013-03-15,6113,1,0,4,b
3,2013-03-16,4778,1,0,5,b
3,2013-03-17,4461,1,0,6,b
3,2013-03-18,6684,1,0,0,b
3,2013-03-19,5931,1,0,1,b
3,2013-03-20,6213,1,0,2,b
3,2013-03-21,7702,1,1,3,b
3,2013-03-22,6774,1,0,4,b
3,2013-03-23,5425,1,1,5,b
3,2013-03-24,0,0,0,6,b
3,2013-03-25,5828,1,0,0,b
3,2013-03-26,6200,1,0,1,b
3,2013-03-27,7418,1,1,2,b
3,2013-03-28,7434,1,1,3,b
3,2013-03-29,6499,1,0,4,b
3,2013-03-30,3746,1,0,5,b
3,2013-03-31,0,0,0,6,b
3,2013-04-01,7715,1,1,0,b
3,2013-04-02,7488,1,1,1,b
3,2013-04-03,5957,1,0,2,b
3,2013-04-04,5679,1,0,3,b
3,2013-04-05,7269,1,1,4,b
3,2013-04-06,4771,1,0,5,b
3,2013-04-07,0,0,0,6,b
3,2013-04-08,7465,1,1,0,b
3,2013-04-09,6335,1,0,1,b
3,2013-04-10,6568,1,0,2,b
3,2013-04-11,6509,1,0,3,b
3,2013-04-12,6142,1,0,4,b
3,2013-04-13,4532,1,0,5,b
3,2013-04-14,0,0,1,6,b
3,2013-04-15,5931,1,0,0,b
3,2013-04-16,6376,1,0,1,b
3,2013-04-17,8018,1,1,2,b
3,2013-04-18,6622,1,0,3,b
3,2013-04-19,7215,1,1,4,b
3,2013-04-20,3958,1,0,5,b
3,2013-04-21,0,0,1,6,b
3,2013-04-22,6049,1,0,0,b
3,2013-04-23,5699,1,0,1,b
3,2013-04-24,6537,1,0,2,b
3,2013-04-25,6986,1,1,3,b
3,2013-04-26,6167,1,0,4,b
3,2013-04-27,3793,1,0,5,b
3,2013-04-28,4407,1,0,6,b
3,2013-04-29,6284,1,0,0,b
3,2013-04-30,7246,1,1,1,b
3,2013-05-01,6208,1,0,2,b
3,2013-05-02,6089,1,0,3,b
3,2013-05-03,6134,1,0,4,b
3,2013-05-04,3679,1,0,5,b
3,2013-05-05,4565,1,1,6,b
3,2013-05-06,7537,1,1,0,b
3,2013-05-07,5901,1,0,1,b
3,2013-05-08,5768,1,0,2,b
3,2013-05-09,7406,1,1,3,b
3,2013-05-10,5924,1,0,4,b
3,2013-05-11,4006,1,0,5,b
3,2013-05-12,0,0,0,6,b
3,2013-05-13,6169,1,0,0,b
3,2013-05-14,5960,1,0,1,b
3,2013-05-15,5545,1,0,2,b
3,2013-05-16,7035,1,1,3,b
3,2013-05-17,6282,1,0,4,b
3,2013-05-18,5491,1,1,5,b
3,2013-05-19,0,0,0,6,b
3,2013-05-20,6934,1,1,0,b
3,2013-05-21,6222,1,1,1,b
3,2013-05-22,5765,1,0,2,b
3,2013-05-23,6563,1,1,3,b
3,2013-05-24,5876,1,0,4,b
3,2013-05-25,3948,1,0,5,b
3,2013-05-26,0,0,1,6,b
3,2013-05-27,6088,1,0,0,b
3,2013-05-28,6890,1,1,1,b
3,2013-05-29,5452,1,0,2,b
3,2013-05-30,5232,1,0,3,b
3,2013-05-31,6773,1,1,4,b
3,2013-06-01,4671,1,1,5,b
3,2013-06-02,4333,1,0,6,b
3,2013-06-03,6336,1,1,0,b
3,2013-06-04,6432,1,1,1,b
3,2013-06-05,6668,1,1,2,b
3,2013-06-06,6618,1,1,3,b
3,2013-06-07,5396,1,0,4,b
3,2013-06-08,3905,1,0,5,b
3,2013-06-09,0,0,0,6,b
3,2013-06-10,6270,1,1,0,b
3,2013-06-11,5146,1,0,1,b
3,2013-06-12,6514,1,1,2,b
3,2013-06-13,6287,1,1,3,b
3,2013-06-14,4665,1,0,4,b
3,2013-06-15,4837,1,1,5,b
3,2013-06-16,0,0,1,6,b
3,2013-06-17,5941,1,1,0,b
3,2013-06-18,6185,1,1,1,b
3,2013-06-19,5961,1,1,2,b
3,2013-06-20,5422,1,0,3,b
3,2013-06-21,4706,1,0,4,b
3,2013-06-22,3978,1,0,5,b
3,2013-06-23,0,0,1,6,b
3,2013-06-24,5861,1,1,0,b
3,2013-06-25,5188,1,0,1,b
3,2013-06-26,4811,1,0,2,b
3,2013-06-27,5766,1,1,3,b
3,2013-06-28,4509,1,0,4,b
3,2013-06-29,3823,1,0,5,b
3,2013-06-30,4284,1,1,6,b
3,2013-07-01,5778,1,1,0,b
3,2013-07-02,6764,1,1,1,b
3,2013-07-03,5073,1,0,2,b
3,2013-07-04,4687,1,0,3,b
3,2013-07-05,4638,1,0,4,b
3,2013-07-06,2993,1,0,5,b
3,2013-07-07,0,0,1,6,b
3,2013-07-08,5914,1,1,0,b
3,2013-07-09,4997,1,0,1,b
3,2013-07-10,6024,1,1,2,b
3,2013-07-11,5732,1,1,3,b
3,2013-07-12,4293,1,0,4,b
3,2013-07-13,3539,1,0,5,b
3,2013-07-14,0,0,0,6,b
3,2013-07-15,4725,1,0,0,b
3,2013-07-16,5564,1,1,1,b
3,2013-07-17,4711,1,0,2,b
3,2013-07-18,5302,1,1,3,b
3,2013-07-19,5577,1,1,4,b
3,2013-07-20,3368,1,1,5,b
3,2013-07-21,0,0,0,6,b
3,2013-07-22,5251,1,1,0,b
3,2013-07-23,4458,1,0,1,b
3,2013-07-24,5093,1,1,2,b
3,2013-07-25,5517,1,1,3,b
3,2013-07-26,4367,1,0,4,b
3,2013-07-27,3128,1,1,5,b
3,2013-07-28,0,0,0,6,b
3,2013-07-29,5372,1,1,0,b
3,2013-07-30,3969,1,0,1,b
3,2013-07-31,4609,1,1,2,b
3,2013-08-01,5106,1,1,3,b
3,2013-08-02,5272,1,1,4,b
3,2013-08-03,2794,1,0,5,b
3,2013-08-04,0,0,0,6,b
3,2013-08-05,4841,1,1,0,b
3,2013-08-06,4960,1,1,1,b
3,2013-08-07,4975,1,1,2,b
3,2013-08-08,4224,1,0,3,b
3,2013-08-09,4439,1,1,4,b
3,2013-08-10,3373,1,1,5,b
3,2013-08-11,0,0,0,6,b
3,2013-08-12,3597,1,0,0,b
3,2013-08-13,4588,1,1,1,b
3,2013-08-14,3451,1,0,2,b
3,2013-08-15,5231,1,1,3,b
3,2013-08-16,4839,1,1,4,b
3,2013-08-17,2438,1,0,5,b
3,2013-08-18,3528,1,1,6,b
3,2013-08-19,3752,1,0,0,b
3,2013-08-20,4225,1,1,1,b
3,2013-08-21,3995,1,0,2,b
3,2013-08-22,4590,1,1,3,b
3,2013-08-23,4066,1,1,4,b
3,2013-08-24,2685,1,1,5,b
3,2013-08-25,3199,1,1,6,b
3,2013-08-26,4867,1,1,0,b
3,2013-08-27,4580,1,1,1,b
3,2013-08-28,4354,1,1,2,b
3,2013-08-29,3565,1,0,3,b
3,2013-08-30,3904,1,0,4,b
3,2013-08-31,3304,1,1,5,b
3,2013-09-01,0,0,1,6,b
3,2013-09-02,3111,1,0,0,b
3,2013-09-03,4602,1,1,1,b
3,2013-09-04,4364,1,1,2,b
3,2013-09-05,3956,1,1,3,b
3,2013-09-06,4516,1,1,4,b
3,2013-09-07,2669,1,0,5,b
3,2013-09-08,2333,1,0,6,b
3,2013-09-09,3880,1,1,0,b
3,2013-09-10,4327,1,0,1,b
3,2013-09-11,3848,1,0,2,b
3,2013-09-12,3430,1,0,3,b
3,2013-09-13,4419,1,1,4,b
3,2013-09-14,2791,1,0,5,b
3,2013-09-15,0,0,1,6,b
3,2013-09-16,3337,1,0,0,b
3,2013-09-17,3395,1,0,1,b
3,2013-09-18,3781,1,1,2,b
3,2013-09-19,3346,1,0,3,b
3,2013-09-20,3338,1,0,4,b
3,2013-09-21,2266,1,0,5,b
3,2013-09-22,2686,1,1,6,b
3,2013-09-23,4571,1,1,0,b
3,2013-09-24,3372,1,0,1,b
3,2013-09-25,4716,1,1,2,b
3,2013-09-26,3835,1,1,3,b
3,2013-09-27,4016,1,1,4,b
3,2013-09-28,2705,1,1,5,b
3,2013-09-29,0,0,1,6,b
3,2013-09-30,4081,1,1,0,b
3,2013-10-01,4123,1,1,1,b
3,2013-10-02,3876,1,1,2,b
3,2013-10-03,4476,1,1,3,b
3,2013-10-04,4329,1,1,4,b
3,2013-10-05,3252,1,1,5,b
3,2013-10-06,0,0,0,6,b
3,2013-10-07,3266,1,0,0,b
3,2013-10-08,3678,1,0,1,b
3,2013-10-09,3915,1,1,2,b
3,2013-10-10,4198,1,1,3,b
3,2013-10-11,3518,1,1,4,b
3,2013-10-12,2652,1,0,5,b
3,2013-10-13,0,0,1,6,b
3,2013-10-14,4196,1,1,0,b
3,2013-10-15,3910,1,1,1,b
3,2013-10-16,3855,1,0,2,b
3,2013-10-17,2972,1,0,3,b
3,2013-10-18,3606,1,0,4,b
3,2013-10-19,3051,1,1,5,b
3,2013-10-20,0,0,0,6,b
3,2013-10-21,3522,1,0,0,b
3,2013-10-22,4002,1,0,1,b
3,2013-10-23,4370,1,1,2,b
3,2013-10-24,3463,1,0,3,b
3,2013-10-25,3604,1,0,4,b
3,2013-10-26,2368,1,0,5,b
3,2013-10-27,0,0,0,6,b
3,2013-10-28,3146,1,0,0,b
3,2013-10-29,4431,1,1,1,b
3,2013-10-30,4231,1,1,2,b
3,2013-10-31,4710,1,1,3,b
3,2013-11-01,3309,1,0,4,b
3,2013-11-02,3635,1,1,5,b
3,2013-11-03,0,0,1,6,b
3,2013-11-04,4241,1,1,0,b
3,2013-11-05,3794,1,0,1,b
3,2013-11-06,4409,1,1,2,b
3,2013-11-07,3941,1,0,3,b
3,2013-11-08,3704,1,0,4,b
3,2013-11-09,2744,1,0,5,b
3,2013-11-10,0,0,1,6,b
3,2013-11-11,4504,1,1,0,b
3,2013-11-12,3325,1,0,1,b
3,2013-11-13,4079,1,1,2,b
3,2013-11-14,4315,1,0,3,b
3,2013-11-15,4202,1,1,4,b
3,2013-11-16,3017,1,1,5,b
3,2013-11-17,0,0,0,6,b
3,2013-11-18,4986,1,1,0,b
3,2013-11-19,4707,1,1,1,b
3,2013-11-20,4324,1,0,2,b
3,2013-11-21,4824,1,1,3,b
3,2013-11-22,3844,1,0,4,b
3,2013-11-23,3033,1,1,5,b
3,2013-11-24,3063,1,0,6,b
3,2013-11-25,3696,1,0,0,b
3,2013-11-26,3331,1,0,1,b
3,2013-11-27,5554,1,1,2,b
3,2013-11-28,5077,1,1,3,b
3,2013-11-29,4125,1,0,4,b
3,2013-11-30,3004,1,0,5,b
3,2013-12-01,0,0,0,6,b
3,2013-12-02,4349,1,0,0,b
3,2013-12-03,4350,1,0,1,b
3,2013-12-04,4839,1,1,2,b
3,2013-12-05,4137,1,0,3,b
3,2013-12-06,5159,1,1,4,b
3,2013-12-07,2919,1,1,5,b
3,2013-12-08,0,0,1,6,b
3,2013-12-09,5405,1,1,0,b
3,2013-12-10,5559,1,1,1,b
3,2013-12-11,5042,1,1,2,b
3,2013-12-12,5479,1,1,3,b
3,2013-12-13,4481,1,0,4,b
3,2013-12-14,3704,1,1,5,b
3,2013-12-15,3517,1,1,6,b
3,2013-12-16,5333,1,1,0,b
3,2013-12-17,5798,1,1,1,b
3,2013-12-18,4497,1,0,2,b
3,2013-12-19,5758,1,1,3,b
3,2013-12-20,4508,1,0,4,b
3,2013-12-21,3534,1,0,5,b
3,2013-12-22,0,0,0,6,b
3,2013-12-23,5272,1,1,0,b
3,2013-12-24,4740,1,0,1,b
3,2013-12-25,4926,1,0,2,b
3,2013-12-26,4906,1,0,3,b
3,2013-12-27,5307,1,1,4,b
3,2013-12-28,3575,1,0,5,b
3,2013-12-29,0,0,1,6,b
3,2013-12-30,4587,1,0,0,b
3,2013-12-31,5908,1,1,1,b
3,2014-01-01,5141,1,0,2,b
3,2014-01-02,5952,1,1,3,b
3,2014-01-03,6200,1,1,4,b
3,2014-01-04,4341,1,1,5,b
3,2014-01-05,4311,1,1,6,b
3,2014-01-06,5730,1,1,0,b
3,2014-01-07,5705,1,1,1,b
3,2014-01-08,5029,1,0,2,b
3,2014-01-09,6456,1,1,3,b
3,2014-01-10,5924,1,1,4,b
3,2014-01-11,3312,1,0,5,b
3,2014-01-12,4170,1,1,6,b
3,2014-01-13,5482,1,0,0,b
3,2014-01-14,5343,1,0,1,b
3,2014-01-15,4956,1,0,2,b
3,2014-01-16,5409,1,0,3,b
3,2014-01-17,5437,1,1,4,b
3,2014-01-18,3866,1,0,5,b
3,2014-01-19,3687,1,0,6,b
3,2014-01-20,5362,1,0,0,b
3,2014-01-21,6394,1,1,1,b
3,2014-01-22,5300,1,0,2,b
3,2014-01-23,5972,1,0,3,b
3,2014-01-24,5780,1,0,4,b
3,2014-01-25,4435,1,1,5,b
3,2014-01-26,0,0,1,6,b
3,2014-01-27,6763,1,1,0,b
3,2014-01-28,5667,1,0,1,b
3,2014-01-29,6467,1,1,2,b
3,2014-01-30,7080,1,1,3,b
3,2014-01-31,6366,1,1,4,b
3,2014-02-01,4772,1,1,5,b
3,2014-02-02,4274,1,0,6,b
3,2014-02-03,6708,1,1,0,b
3,2014-02-04,4952,1,0,1,b
3,2014-02-05,5456,1,0,2,b
3,2014-02-06,5884,1,0,3,b
3,2014-02-07,5922,1,0,4,b
3,2014-02-08,4246,1,0,5,b
3,2014-02-09,3969,1,0,6,b
3,2014-02-10,6778,1,1,0,b
3,2014-02-11,6970,1,1,1,b
3,2014-02-12,5872,1,0,2,b
3,2014-02-13,5811,1,0,3,b
3,2014-02-14,5884,1,0,4,b
3,2014-02-15,4846,1,1,5,b
3,2014-02-16,4007,1,0,6,b
3,2014-02-17,6463,1,1,0,b
3,2014-02-18,5690,1,0,1,b
3,2014-02-19,5881,1,0,2,b
3,2014-02-20,6120,1,0,3,b
3,2014-02-21,5978,1,0,4,b
3,2014-02-22,4345,1,0,5,b
3,2014-02-23,0,0,1,6,b
3,2014-02-24,6571,1,1,0,b
3,2014-02-25,6047,1,0,1,b
3,2014-02-26,5881,1,0,2,b
3,2014-02-27,6260,1,0,3,b
3,2014-02-28,5844,1,0,4,b
3,2014-03-01,4450,1,1,5,b
3,2014-03-02,4376,1,0,6,b
3,2014-03-03,5947,1,0,0,b
3,2014-03-04,7711,1,1,1,b
3,2014-03-05,6223,1,0,2,b
3,2014-03-06,6864,1,1,3,b
3,2014-03-07,7896,1,1,4,b
3,2014-03-08,4795,1,1,5,b
3,2014-03-09,0,0,1,6,b
3,2014-03-10,6523,1,0,0,b
3,2014-03-11,6421,1,0,1,b
3,2014-03-12,6095,1,0,2,b
3,2014-03-13,6448,1,0,3,b
3,2014-03-14,7161,1,1,4,b
3,2014-03-15,4656,1,0,5,b
3,2014-03-16,0,0,0,6,b
3,2014-03-17,6361,1,0,0,b
3,2014-03-18,6160,1,0,1,b
3,2014-03-19,6443,1,0,2,b
3,2014-03-20,8140,1,1,3,b
3,2014-03-21,7557,1,1,4,b
3,2014-03-22,5125,1,1,5,b
3,2014-03-23,0,0,0,6,b
3,2014-03-24,6506,1,0,0,b
3,2014-03-25,6231,1,0,1,b
3,2014-03-26,6642,1,0,2,b
3,2014-03-27,6725,1,1,3,b
3,2014-03-28,6169,1,0,4,b
3,2014-03-29,4209,1,0,5,b
3,2014-03-30,4711,1,1,6,b
3,2014-03-31,7466,1,1,0,b
3,2014-04-01,6739,1,0,1,b
3,2014-04-02,7280,1,1,2,b
3,2014-04-03,5822,1,0,3,b
3,2014-04-04,6264,1,0,4,b
3,2014-04-05,5429,1,1,5,b
3,2014-04-06,0,0,0,6,b
3,2014-04-07,7476,1,1,0,b
3,2014-04-08,5830,1,0,1,b
3,2014-04-09,6281,1,0,2,b
3,2014-04-10,6479,1,0,3,b
3,2014-04-11,7788,1,1,4,b
3,2014-04-12,5429,1,1,5,b
3,2014-04-13,0,0,0,6,b
3,2014-04-14,7265,1,0,0,b
3,2014-04-15,6077,1,0,1,b
3,2014-04-16,7384,1,1,2,b
3,2014-04-17,6702,1,0,3,b
3,2014-04-18,5986,1,0,4,b
3,2014-04-19,5092,1,1,5,b
3,2014-04-20,4632,1,0,6,b
3,2014-04-21,5965,1,0,0,b
3,2014-04-22,7624,1,1,1,b
3,2014-04-23,6220,1,0,2,b
3,2014-04-24,7241,1,1,3,b
3,2014-04-25,7072,1,1,4,b
3,2014-04-26,5292,1,1,5,b
3,2014-04-27,4990,1,1,6,b
3,2014-04-28,5941,1,0,0,b
3,2014-04-29,7261,1,1,1,b
3,2014-04-30,7485,1,1,2,b
3,2014-05-01,8047,1,1,3,b
3,2014-05-02,6484,1,1,4,b
3,2014-05-03,4091,1,0,5,b
3,2014-05-04,4967,1,1,6,b
3,2014-05-05,6020,1,0,0,b
3,2014-05-06,6266,1,0,1,b
3,2014-05-07,7384,1,1,2,b
3,2014-05-08,6985,1,1,3,b
3,2014-05-09,7597,1,1,4,b
3,2014-05-10,3578,1,0,5,b
3,2014-05-11,0,0,1,6,b
3,2014-05-12,5890,1,0,0,b
3,2014-05-13,5798,1,0,1,b
3,2014-05-14,5976,1,0,2,b
3,2014-05-15,7277,1,1,3,b
3,2014-05-16,5712,1,0,4,b
3,2014-05-17,4079,1,0,5,b
3,2014-05-18,0,0,1,6,b
3,2014-05-19,5516,1,0,0,b
3,2014-05-20,6015,1,0,1,b
3,2014-05-21,5708,1,0,2,b
3,2014-05-22,6162,1,0,3,b
3,2014-05-23,5542,1,0,4,b
3,2014-05-24,4061,1,0,5,b
3,2014-05-25,0,0,1,6,b
3,2014-05-26,5648,1,0,0,b
3,2014-05-27,5316,1,0,1,b
3,2014-05-28,6823,1,1,2,b
3,2014-05-29,6841,1,1,3,b
3,2014-05-30,6457,1,1,4,b
3,2014-05-31,4395,1,0,5,b
3,2014-06-01,4228,1,0,6,b
3,2014-06-02,7174,1,1,0,b
3,2014-06-03,6000,1,1,1,b
3,2014-06-04,5587,1,0,2,b
3,2014-06-05,5590,1,0,3,b
3,2014-06-06,6769,1,1,4,b
3,2014-06-07,3628,1,0,5,b
3,2014-06-08,0,0,1,6,b
3,2014-06-09,6128,1,0,0,b
3,2014-06-10,6540,1,1,1,b
3,2014-06-11,6156,1,1,2,b
3,2014-06-12,5275,1,0,3,b
3,2014-06-13,5721,1,0,4,b
3,2014-06-14,3312,1,0,5,b
3,2014-06-15,0,0,1,6,b
3,2014-06-16,6622,1,1,0,b
3,2014-06-17,5214,1,0,1,b
3,2014-06-18,6575,1,1,2,b
3,2014-06-19,5160,1,0,3,b
3,2014-06-20,5527,1,0,4,b
3,2014-06-21,3678,1,0,5,b
3,2014-06-22,0,0,1,6,b
3,2014-06-23,4709,1,0,0,b
3,2014-06-24,5060,1,0,1,b
3,2014-06-25,4848,1,0,2,b
3,2014-06-26,5468,1,0,3,b
3,2014-06-27,6137,1,1,4,b
3,2014-06-28,4515,1,1,5,b
3,2014-06-29,0,0,0,6,b
3,2014-06-30,4855,1,0,0,b
3,2014-07-01,5626,1,1,1,b
3,2014-07-02,4927,1,0,2,b
3,2014-07-03,5957,1,1,3,b
3,2014-07-04,6088,1,1,4,b
3,2014-07-05,3737,1,1,5,b
3,2014-07-06,0,0,0,6,b
3,2014-07-07,5447,1,1,0,b
3,2014-07-08,4836,1,1,1,b
3,2014-07-09,5156,1,1,2,b
3,2014-07-10,4179,1,0,3,b
3,2014-07-11,4395,1,0,4,b
3,2014-07-12,3062,1,0,5,b
3,2014-07-13,0,0,0,6,b
3,2014-07-14,5722,1,1,0,b
3,2014-07-15,4369,1,0,1,b
3,2014-07-16,5313,1,1,2,b
3,2014-07-17,4734,1,0,3,b
3,2014-07-18,4724,1,0,4,b
3,2014-07-19,2847,1,0,5,b
3,2014-07-20,3360,1,0,6,b
3,2014-07-21,4647,1,0,0,b
3,2014-07-22,5987,1,1,1,b
3,2014-07-23,5091,1,1,2,b
3,2014-07-24,5788,1,1,3,b
3,2014-07-25,4095,1,0,4,b
3,2014-07-26,3706,1,1,5,b
3,2014-07-27,0,0,1,6,b
3,2014-07-28,4533,1,0,0,b
3,2014-07-29,3944,1,0,1,b
3,2014-07-30,4331,1,0,2,b
3,2014-07-31,4272,1,0,3,b
3,2014-08-01,4692,1,1,4,b
3,2014-08-02,3227,1,1,5,b
3,2014-08-03,0,0,0,6,b
3,2014-08-04,3663,1,0,0,b
3,2014-08-05,4445,1,1,1,b
3,2014-08-06,4253,1,0,2,b
3,2014-08-07,4047,1,0,3,b
3,2014-08-08,3780,1,0,4,b
3,2014-08-09,3503,1,1,5,b
3,2014-08-10,0,0,0,6,b
3,2014-08-11,4850,1,1,0,b
3,2014-08-12,3852,1,0,1,b
3,2014-08-13,4240,1,1,2,b
3,2014-08-14,4876,1,1,3,b
3,2014-08-15,3832,1,0,4,b
3,2014-08-16,4101,1,1,5,b
3,2014-08-17,0,0,1,6,b
3,2014-08-18,3965,1,0,0,b
3,2014-08-19,4746,1,1,1,b
3,2014-08-20,3645,1,0,2,b
3,2014-08-21,4162,1,0,3,b
3,2014-08-22,3533,1,0,4,b
3,2014-08-23,3098,1,1,5,b
3,2014-08-24,0,0,1,6,b
3,2014-08-25,3220,1,0,0,b
3,2014-08-26,4192,1,0,1,b
3,2014-08-27,3768,1,0,2,b
3,2014-08-28,3800,1,0,3,b
3,2014-08-29,4287,1,1,4,b
3,2014-08-30,2871,1,0,5,b
3,2014-08-31,0,0,0,6,b
3,2014-09-01,2843,1,0,0,b
3,2014-09-02,4530,1,1,1,b
3,2014-09-03,4186,1,1,2,b
3,2014-09-04,3340,1,0,3,b
3,2014-09-05,3953,1,1,4,b
3,2014-09-06,3333,1,1,5,b
3,2014-09-07,2546,1,0,6,b
3,2014-09-08,3768,1,0,0,b
3,2014-09-09,4320,1,1,1,b
3,2014-09-10,3395,1,0,2,b
3,2014-09-11,3378,1,0,3,b
3,2014-09-12,3624,1,0,4,b
3,2014-09-13,1628,1,0,5,b
3,2014-09-14,0,0,0,6,b
3,2014-09-15,4226,1,1,0,b
3,2014-09-16,4300,1,1,1,b
3,2014-09-17,4340,1,1,2,b
3,2014-09-18,3870,1,0,3,b
3,2014-09-19,2969,1,0,4,b
3,2014-09-20,2524,1,0,5,b
3,2014-09-21,0,0,1,6,b
3,2014-09-22,2956,1,0,0,b
3,2014-09-23,3837,1,0,1,b
3,2014-09-24,3795,1,0,2,b
3,2014-09-25,3588,1,0,3,b
3,2014-09-26,3399,1,0,4,b
3,2014-09-27,2820,1,0,5,b
3,2014-09-28,2858,1,1,6,b
3,2014-09-29,3568,1,0,0,b
3,2014-09-30,2964,1,0,1,b
3,2014-10-01,4144,1,1,2,b
3,2014-10-02,4074,1,1,3,b
3,2014-10-03,4538,1,1,4,b
3,2014-10-04,3045,1,1,5,b
3,2014-10-05,0,0,1,6,b
3,2014-10-06,3707,1,1,0,b
3,2014-10-07,3730,1,0,1,b
3,2014-10-08,3488,1,0,2,b
3,2014-10-09,3663,1,0,3,b
3,2014-10-10,3516,1,0,4,b
3,2014-10-11,2186,1,0,5,b
3,2014-10-12,2834,1,0,6,b
3,2014-10-13,3262,1,0,0,b
3,2014-10-14,3283,1,0,1,b
3,2014-10-15,3903,1,0,2,b
3,2014-10-16,3325,1,0,3,b
3,2014-10-17,4042,1,1,4,b
3,2014-10-18,2560,1,1,5,b
3,2014-10-19,0,0,1,6,b
3,2014-10-20,3845,1,1,0,b
3,2014-10-21,3368,1,0,1,b
3,2014-10-22,3891,1,0,2,b
3,2014-10-23,3969,1,1,3,b
3,2014-10-24,3942,1,0,4,b
3,2014-10-25,2864,1,0,5,b
3,2014-10-26,0,0,1,6,b
3,2014-10-27,3460,1,0,0,b
3,2014-10-28,4010,1,1,1,b
3,2014-10-29,3273,1,0,2,b
3,2014-10-30,3348,1,0,3,b
3,2014-10-31,3272,1,0,4,b
3,2014-11-01,2929,1,0,5,b
3,2014-11-02,0,0,0,6,b
3,2014-11-03,4177,1,0,0,b
3,2014-11-04,3197,1,0,1,b
3,2014-11-05,3891,1,0,2,b
3,2014-11-06,4456,1,1,3,b
3,2014-11-07,3931,1,0,4,b
3,2014-11-08,2653,1,0,5,b
3,2014-11-09,0,0,0,6,b
3,2014-11-10,3610,1,0,0,b
3,2014-11-11,3324,1,0,1,b
3,2014-11-12,4033,1,0,2,b
3,2014-11-13,4613,1,1,3,b
3,2014-11-14,4026,1,1,4,b
3,2014-11-15,3656,1,1,5,b
3,2014-11-16,0,0,0,6,b
3,2014-11-17,3433,1,0,0,b
3,2014-11-18,4421,1,0,1,b
3,2014-11-19,3223,1,0,2,b
3,2014-11-20,4602,1,1,3,b
3,2014-11-21,4771,1,1,4,b
3,2014-11-22,3150,1,0,5,b
3,2014-11-23,0,0,1,6,b
3,2014-11-24,4425,1,0,0,b
3,2014-11-25,4803,1,1,1,b
3,2014-11-26,3430,1,0,2,b
3,2014-11-27,4528,1,0,3,b
3,2014-11-28,4004,1,0,4,b
3,2014-11-29,2793,1,0,5,b
3,2014-11-30,3182,1,0,6,b
3,2014-12-01,4443,1,1,0,b
3,2014-12-02,3997,1,0,1,b
3,2014-12-03,3958,1,0,2,b
3,2014-12-04,5123,1,1,3,b
3,2014-12-05,4669,1,0,4,b
3,2014-12-06,2649,1,0,5,b
3,2014-12-07,0,0,0,6,b
3,2014-12-08,4265,1,0,0,b
3,2014-12-09,4720,1,0,1,b
3,2014-12-10,5198,1,1,2,b
3,2014-12-11,4216,1,0,3,b
3,2014-12-12,5951,1,1,4,b
3,2014-12-13,3306,1,0,5,b
3,2014-12-14,0,0,0,6,b
3,2014-12-15,4840,1,0,0,b
3,2014-12-16,4248,1,0,1,b
3,2014-12-17,5121,1,1,2,b
3,2014-12-18,5362,1,1,3,b
3,2014-12-19,4539,1,0,4,b
3,2014-12-20,3748,1,1,5,b
3,2014-12-21,0,0,1,6,b
3,2014-12-22,5075,1,1,0,b
3,2014-12-23,5537,1,1,1,b
3,2014-12-24,5584,1,1,2,b
3,2014-12-25,4720,1,0,3,b
3,2014-12-26,5007,1,0,4,b
3,2014-12-27,3305,1,0,5,b
3,2014-12-28,0,0,0,6,b
3,2014-12-29,4722,1,0,0,b
3,2014-12-30,6202,1,1,1,b
3,2014-12-31,4288,1,0,2,b
3,2015-01-01,5978,1,1,3,b
3,2015-01-02,4871,1,0,4,b
3,2015-01-03,3132,1,0,5,b
3,2015-01-04,0,0,0,6,b
3,2015-01-05,5219,1,1,0,b
3,2015-01-06,5875,1,1,1,b
3,2015-01-07,6260,1,1,2,b
3,2015-01-08,4457,1,0,3,b
3,2015-01-09,5158,1,0,4,b
3,2015-01-10,3592,1,0,5,b
3,2015-01-11,0,0,0,6,b
3,2015-01-12,4810,1,0,0,b
3,2015-01-13,5222,1,0,1,b
3,2015-01-14,5988,1,1,2,b
3,2015-01-15,5622,1,0,3,b
3,2015-01-16,6734,1,1,4,b
3,2015-01-17,3603,1,0,5,b
3,2015-01-18,0,0,1,6,b
3,2015-01-19,5030,1,0,0,b
3,2015-01-20,5043,1,0,1,b
3,2015-01-21,5474,1,0,2,b
3,2015-01-22,6205,1,1,3,b
3,2015-01-23,5506,1,0,4,b
3,2015-01-24,4031,1,0,5,b
3,2015-01-25,0,0,0,6,b
3,2015-01-26,5195,1,0,0,b
3,2015-01-27,6761,1,1,1,b
3,2015-01-28,5819,1,0,2,b
3,2015-01-29,5913,1,0,3,b
3,2015-01-30,5636,1,0,4,b
3,2015-01-31,5278,1,1,5,b
3,2015-02-01,0,0,1,6,b
3,2015-02-02,6908,1,1,0,b
3,2015-02-03,5971,1,0,1,b
3,2015-02-04,5205,1,0,2,b
3,2015-02-05,7064,1,1,3,b
3,2015-02-06,6797,1,1,4,b
3,2015-02-07,4038,1,0,5,b
3,2015-02-08,0,0,0,6,b
3,2015-02-09,5893,1,0,0,b
3,2015-02-10,7029,1,1,1,b
3,2015-02-11,5766,1,0,2,b
3,2015-02-12,5523,1,0,3,b
3,2015-02-13,5695,1,0,4,b
3,2015-02-14,5165,1,1,5,b
3,2015-02-15,0,0,1,6,b
3,2015-02-16,5737,1,0,0,b
3,2015-02-17,5622,1,0,1,b
3,2015-02-18,6258,1,0,2,b
3,2015-02-19,5557,1,0,3,b
3,2015-02-20,6851,1,1,4,b
3,2015-02-21,4224,1,0,5,b
3,2015-02-22,0,0,0,6,b
3,2015-02-23,6889,1,1,0,b
3,2015-02-24,5926,1,0,1,b
3,2015-02-25,6653,1,1,2,b
3,2015-02-26,5928,1,0,3,b
3,2015-02-27,5966,1,0,4,b
3,2015-02-28,4105,1,0,5,b
3,2015-03-01,0,0,1,6,b
3,2015-03-02,5896,1,0,0,b
3,2015-03-03,6140,1,0,1,b
3,2015-03-04,6187,1,0,2,b
3,2015-03-05,5645,1,0,3,b
3,2015-03-06,7946,1,1,4,b
3,2015-03-07,5060,1,1,5,b
3,2015-03-08,0,0,1,6,b
3,2015-03-09,5902,1,0,0,b
3,2015-03-10,7533,1,1,1,b
3,2015-03-11,6051,1,0,2,b
3,2015-03-12,6838,1,0,3,b
3,2015-03-13,6258,1,0,4,b
3,2015-03-14,4829,1,0,5,b
3,2015-03-15,0,0,0,6,b
3,2015-03-16,6366,1,0,0,b
3,2015-03-17,7250,1,1,1,b
3,2015-03-18,7044,1,1,2,b
3,2015-03-19,6309,1,0,3,b
3,2015-03-20,6271,1,0,4,b
3,2015-03-21,4980,1,0,5,b
3,2015-03-22,0,0,1,6,b
3,2015-03-23,6369,1,0,0,b
3,2015-03-24,6720,1,0,1,b
3,2015-03-25,7580,1,1,2,b
3,2015-03-26,6201,1,0,3,b
3,2015-03-27,6203,1,0,4,b
3,2015-03-28,5511,1,1,5,b
3,2015-03-29,0,0,0,6,b
3,2015-03-30,5815,1,0,0,b
3,2015-03-31,6802,1,1,1,b
3,2015-04-01,6036,1,0,2,b
3,2015-04-02,6379,1,0,3,b
3,2015-04-03,7023,1,1,4,b
3,2015-04-04,5533,1,1,5,b
3,2015-04-05,0,0,1,6,b
3,2015-04-06,7074,1,1,0,b
3,2015-04-07,7306,1,1,1,b
3,2015-04-08,7730,1,1,2,b
3,2015-04-09,6005,1,0,3,b
3,2015-04-10,6306,1,0,4,b
3,2015-04-11,4722,1,0,5,b
3,2015-04-12,0,0,0,6,b
3,2015-04-13,6353,1,0,0,b
3,2015-04-14,6433,1,0,1,b
3,2015-04-15,7679,1,1,2,b
3,2015-04-16,6200,1,0,3,b
3,2015-04-17,6025,1,0,4,b
3,2015-04-18,5090,1,1,5,b
3,2015-04-19,4730,1,0,6,b
3,2015-04-20,5875,1,0,0,b
3,2015-04-21,5970,1,0,1,b
3,2015-04-22,5946,1,0,2,b
3,2015-04-23,6372,1,0,3,b
3,2015-04-24,5925,1,0,4,b
3,2015-04-25,4279,1,0,5,b
3,2015-04-26,0,0,1,6,b
3,2015-04-27,7542,1,1,0,b
3,2015-04-28,5981,1,0,1,b
3,2015-04-29,5925,1,0,2,b
3,2015-04-30,6441,1,0,3,b
3,2015-05-01,6305,1,0,4,b
3,2015-05-02,4069,1,0,5,b
3,2015-05-03,5042,1,1,6,b
3,2015-05-04,6947,1,1,0,b
3,2015-05-05,5715,1,0,1,b
3,2015-05-06,6481,1,0,2,b
3,2015-05-07,6040,1,0,3,b
3,2015-05-08,7205,1,1,4,b
3,2015-05-09,4197,1,0,5,b
3,2015-05-10,0,0,0,6,b
3,2015-05-11,5224,1,0,0,b
3,2015-05-12,5816,1,0,1,b
3,2015-05-13,5755,1,0,2,b
3,2015-05-14,7030,1,1,3,b
3,2015-05-15,7656,1,1,4,b
3,2015-05-16,5315,1,1,5,b
3,2015-05-17,4242,1,0,6,b
3,2015-05-18,6378,1,0,0,b
3,2015-05-19,5546,1,0,1,b
3,2015-05-20,5598,1,0,2,b
3,2015-05-21,6218,1,1,3,b
3,2015-05-22,7081,1,1,4,b
3,2015-05-23,4008,1,0,5,b
3,2015-05-24,0,0,1,6,b
3,2015-05-25,7094,1,1,0,b
3,2015-05-26,6098,1,0,1,b
3,2015-05-27,6467,1,1,2,b
3,2015-05-28,5529,1,0,3,b
3,2015-05-29,6348,1,1,4,b
3,2015-05-30,4100,1,0,5,b
3,2015-05-31,0,0,0,6,b
3,2015-06-01,6843,1,1,0,b
3,2015-06-02,6132,1,1,1,b
3,2015-06-03,5771,1,0,2,b
3,2015-06-04,6510,1,1,3,b
3,2015-06-05,6997,1,1,4,b
3,2015-06-06,3769,1,0,5,b
3,2015-06-07,4287,1,1,6,b
3,2015-06-08,6425,1,1,0,b
3,2015-06-09,5034,1,0,1,b
3,2015-06-10,5238,1,0,2,b
3,2015-06-11,5670,1,0,3,b
3,2015-06-12,5323,1,0,4,b
3,2015-06-13,3854,1,0,5,b
3,2015-06-14,0,0,1,6,b
3,2015-06-15,5608,1,0,0,b
3,2015-06-16,6319,1,1,1,b
3,2015-06-17,6184,1,1,2,b
3,2015-06-18,4978,1,0,3,b
3,2015-06-19,5141,1,0,4,b
3,2015-06-20,4202,1,1,5,b
3,2015-06-21,3922,1,0,6,b
3,2015-06-22,6115,1,1,0,b
3,2015-06-23,7111,1,1,1,b
3,2015-06-24,4971,1,0,2,b
3,2015-06-25,4959,1,0,3,b
3,2015-06-26,5018,1,0,4,b
3,2015-06-27,3925,1,1,5,b
3,2015-06-28,0,0,1,6,b
3,2015-06-29,5013,1,0,0,b
3,2015-06-30,4398,1,0,1,b
3,2015-07-01,4811,1,0,2,b
3,2015-07-02,4936,1,0,3,b
3,2015-07-03,4758,1,0,4,b
3,2015-07-04,2946,1,0,5,b
3,2015-07-05,3485,1,0,6,b
3,2015-07-06,4979,1,0,0,b
3,2015-07-07,5956,1,1,1,b
3,2015-07-08,4821,1,0,2,b
3,2015-07-09,5153,1,0,3,b
3,2015-07-10,4442,1,0,4,b
3,2015-07-11,3239,1,0,5,b
3,2015-07-12,0,0,0,6,b
3,2015-07-13,4967,1,0,0,b
3,2015-07-14,4524,1,0,1,b
3,2015-07-15,4958,1,0,2,b
3,2015-07-16,4475,1,0,3,b
3,2015-07-17,4323,1,0,4,b
3,2015-07-18,3727,1,0,5,b
3,2015-07-19,0,0,0,6,b
3,2015-07-20,4898,1,1,0,b
3,2015-07-21,4473,1,0,1,b
3,2015-07-22,5512,1,1,2,b
3,2015-07-23,4801,1,0,3,b
3,2015-07-24,4361,1,0,4,b
3,2015-07-25,2797,1,0,5,b
3,2015-07-26,0,0,0,6,b
3,2015-07-27,4478,1,0,0,b
3,2015-07-28,5033,1,1,1,b
3,2015-07-29,4500,1,1,2,b
3,2015-07-30,3694,1,0,3,b
3,2015-07-31,4540,1,0,4,b
